key_id, contract_id       , commercial_product_id, commercial_subproduct_id, contract_register_date, account_status_type, account_status_type_desc, blocking_type, blocking_type_desc, account_freeze_type, contract_status_date, contract_status_type, contract_status_type_desc, card_bin_number, card_bin_subtype_type, contract_end_date, participant_type, participation_order_number, card_status_type, card_status_date, last_four_pan_id, origin_flag, customer_id, personal_id    , personal_type, personal_verif_digit_type, customer_name                                                 , personal_type_desc  , off_loaded_porfolio_date, portfolio_buyer_company_id, buyer_name                        , off_loaded_portfolio_flag, written_off_date, written_off_flag, default_days_number, default_date, default_flag, restructured_flag, date_consult_risk_ctral, flag_consult_risk_ctral, product_desc               , audit_date             , default_status_pay, adelanto_nomina_flag
000058, 001300019600000058,                    96,                     3448, 2024-05-27            ,                    ,                         ,              ,                   ,                    , 2024-05-28          , 1                   , CANCELADO                ,                ,                      ,                  ,                 ,                           ,                 ,                 ,                 , ACTIVE     ,    01232829, 000000012555147,             1,                         0, RICARDO JESUS SEALES REYES                                    , Cedula Ciudadania   ,                         ,                           ,                                   , false                    ,                 , false           ,                    ,             , false       , true             ,                        , false                  , 963448                     , 2026-05-22 21:57:14.523, false             , false
000290, 001300099600000290,                    96,                     3218, 0001-01-01            ,                    ,                         ,              ,                   ,                    , 2013-10-01          , 9                   , PROPUESTA                ,                ,                      ,                  ,                 ,                           ,                 ,                 ,                 , ACTIVE     ,    04167712, 000000024431518,             1,                         0, LUZ NORY OCAMPO SALAZAR                                       , Cedula Ciudadania   ,                         ,                           ,                                   , false                    ,                 , false           ,                    ,             , false       , false            ,                        , false                  , 963218                     , 2026-05-22 21:57:14.523, false             , false
000332, 001300099600000332,                    96,                     5136, 2013-11-06            ,                    ,                         ,              ,                   ,                    , 2022-07-14          , 1                   , CANCELADO                ,                ,                      ,                  ,                 ,                           ,                 ,                 ,                 , ACTIVE     ,    07136263, 000000025054238,             1,                         0, MARIA ESNEDA VALENCIA CALVO                                   , Cedula Ciudadania   ,                         ,                           ,                                   , false                    ,                 , false           ,                    ,             , false       , false            ,                        , false                  , 965136                     , 2026-05-22 21:57:14.523, false             , false
000373, 001300099600000373,                    96,                     5136, 0001-01-01            ,                    ,                         ,              ,                   ,                    , 2017-10-05          , A                   , OTRO                     ,                ,                      ,                  ,                 ,                           ,                 ,                 ,                 , ACTIVE     ,    07679301, 000000016078805,             1,                         0, LUIS CARLOS BOTERO IDARRAGA                                   , Cedula Ciudadania   ,                         ,                           ,                                   , false                    ,                 , false           ,                    ,             , false       , false            ,                        , false                  , 965136                     , 2026-05-22 21:57:14.523, false             , false
000712, 001300099600000712,                    96,                     5112, 0001-01-01            ,                    ,                         ,              ,                   ,                    , 2013-11-19          , 9                   , PROPUESTA                ,                ,                      ,                  ,                 ,                           ,                 ,                 ,                 , ACTIVE     ,    07732016, 000001053836011,             1,                         0, MARIANTONIA GOMEZ MURIEL                                      , Cedula Ciudadania   ,                         ,                           ,                                   , false                    ,                 , false           ,                    ,             , false       , false            ,                        , false                  , 965112                     , 2026-05-22 21:57:14.523, false             , false
000993, 001300099600000993,                    96,                     1783, 0001-01-01            ,                    ,                         ,              ,                   ,                    , 2019-11-23          , A                   , OTRO                     ,                ,                      ,                  ,                 ,                           ,                 ,                 ,                 , ACTIVE     ,    03218596, 000000030337003,             1,                         0, ALBA ROCIO LOPEZ SALAZAR                                      , Cedula Ciudadania   ,                         ,                           ,                                   , false                    ,                 , false           ,                    ,             , false       , false            ,                        , false                  , 961783                     , 2026-05-22 21:57:14.523, false             , false
001124, 001300099600001124,                    96,                     3127, 0001-01-01            ,                    ,                         ,              ,                   ,                    , 2013-12-13          , 9                   , PROPUESTA                ,                ,                      ,                  ,                 ,                           ,                 ,                 ,                 , ACTIVE     ,    07770851, 000001053784482,             1,                         0, YUDY LUCIA ARISTIZABAL GIRALDO                                , Cedula Ciudadania   ,                         ,                           ,                                   , false                    ,                 , false           ,                    ,             , false       , false            ,                        , false                  , 963127                     , 2026-05-22 21:57:14.523, false             , false
001157, 001300099600001157,                    96,                     5567, 0001-01-01            ,                    ,                         ,              ,                   ,                    , 2014-06-14          , A                   , OTRO                     ,                ,                      ,                  ,                 ,                           ,                 ,                 ,                 , ACTIVE     ,    07732016, 000001053836011,             1,                         0, MARIANTONIA GOMEZ MURIEL                                      , Cedula Ciudadania   ,                         ,                           ,                                   , false                    ,                 , false           ,                    ,             , false       , false            ,                        , false                  , 965567                     , 2026-05-22 21:57:14.523, false             , false
001264, 001300099600001264,                    96,                     5394, 2014-02-10            ,                    ,                         ,              ,                   ,                    , 2024-02-12          , A                   , ACTIVO                   ,                ,                      ,                  ,                 ,                           ,                 ,                 ,                 , ACTIVE     ,    01227510, 000000010225566,             1,                         0, NELSON DE JESUS GONZALEZ HOYOS                                , Cedula Ciudadania   ,                         ,                           ,                                   , false                    ,                 , false           ,                    ,             , false       , false            ,                        , false                  , 965394                     , 2026-05-22 21:57:14.523, false             , false
001421, 001300099600001421,                    96,                     3288, 0001-01-01            ,                    ,                         ,              ,                   ,                    , 2014-01-02          , A                   , OTRO                     ,                ,                      ,                  ,                 ,                           ,                 ,                 ,                 , ACTIVE     ,    07588438, 000000004457459,             1,                         0, JUAN ARBEY SALAZAR                                            , Cedula Ciudadania   ,                         ,                           ,                                   , false                    ,                 , false           ,                    ,             , false       , false            ,                        , false                  , 963288                     , 2026-05-22 21:57:14.523, false             , false
001454, 001300099600001454,                    96,                     5234, 0001-01-01            ,                    ,                         ,              ,                   ,                    , 2014-01-16          , A                   , OTRO                     ,                ,                      ,                  ,                 ,                           ,                 ,                 ,                 , ACTIVE     ,    05681401, 000000075094741,             1,                         0, JAIME ANDRES MARIN MARTINEZ                                   , Cedula Ciudadania   ,                         ,                           ,                                   , false                    ,                 , false           ,                    ,             , false       , false            ,                        , false                  , 965234                     , 2026-05-22 21:57:14.523, false             , false
001629, 001300099600001629,                    96,                     3191, 0001-01-01            ,                    ,                         ,              ,                   ,                    , 2014-01-29          , A                   , ACTIVO                   ,                ,                      ,                  ,                 ,                           ,                 ,                 ,                 , ACTIVE     ,    06848639, 000001058818703,             1,                         0, SABRINA RIVERA GARCIA                                         , Cedula Ciudadania   ,                         ,                           ,                                   , false                    ,                 , true            ,                1080, 2023-05-25  , false       , false            ,                        , false                  , 963191                     , 2026-05-22 22:07:31.063, true              , false
001652, 001300099600001652,                    96,                     3191, 0001-01-01            ,                    ,                         ,              ,                   ,                    , 2014-01-22          , A                   , OTRO                     ,                ,                      ,                  ,                 ,                           ,                 ,                 ,                 , ACTIVE     ,    06146981, 000001053779500,             1,                         0, FREDERICK SOTO YARA                                           , Cedula Ciudadania   ,                         ,                           ,                                   , false                    ,                 , false           ,                    ,             , false       , false            ,                        , false                  , 963191                     , 2026-05-22 21:57:14.523, false             , false
001678, 001300099600001678,                    96,                     1307, 0001-01-01            ,                    ,                         ,              ,                   ,                    , 2014-02-18          , A                   , OTRO                     ,                ,                      ,                  ,                 ,                           ,                 ,                 ,                 , ACTIVE     ,    07812463, 000001053776839,             1,                         0, YULIANA ARBELAEZ CARDENAS                                     , Cedula Ciudadania   ,                         ,                           ,                                   , false                    ,                 , false           ,                    ,             , false       , false            ,                        , false                  , 961307                     , 2026-05-22 21:57:14.523, false             , false
001728, 001300099600001728,                    96,                     5394, 0001-01-01            ,                    ,                         ,              ,                   ,                    , 2019-11-23          , A                   , OTRO                     ,                ,                      ,                  ,                 ,                           ,                 ,                 ,                 , ACTIVE     ,    03659696, 000000030335286,             1,                         0, ANDREA JULIANA HOYOS GONZALEZ                                 , Cedula Ciudadania   ,                         ,                           ,                                   , false                    ,                 , false           ,                    ,             , false       , false            ,                        , false                  , 965394                     , 2026-05-22 21:57:14.523, false             , false
001827, 001300099600001827,                    96,                     7128, 0001-01-01            ,                    ,                         ,              ,                   ,                    , 2014-08-02          , A                   , OTRO                     ,                ,                      ,                  ,                 ,                           ,                 ,                 ,                 , ACTIVE     ,    07818083, 000000075097144,             1,                         0, LEONARDO FABIO ARBELAEZ PATINO                                , Cedula Ciudadania   ,                         ,                           ,                                   , false                    ,                 , false           ,                    ,             , false       , false            ,                        , false                  , 967128                     , 2026-05-22 21:57:14.523, false             , false
001843, 001300099600001843,                    96,                     3191, 0001-01-01            ,                    ,                         ,              ,                   ,                    , 2014-02-03          , A                   , ACTIVO                   ,                ,                      ,                  ,                 ,                           ,                 ,                 ,                 , ACTIVE     ,    07667553, 000001053794498,             1,                         0, FRANCIA LORENA MARULANDA CARDONA                              , Cedula Ciudadania   ,                         ,                           ,                                   , false                    ,                 , false           ,                  60, 2026-03-25  , true        , false            ,                        , false                  , 963191                     , 2026-05-22 21:57:14.523, false             , false
001900, 001300099600001900,                    96,                     3191, 0001-01-01            ,                    ,                         ,              ,                   ,                    , 2014-02-03          , A                   , ACTIVO                   ,                ,                      ,                  ,                 ,                           ,                 ,                 ,                 , ACTIVE     ,    07667553, 000001053794498,             1,                         0, FRANCIA LORENA MARULANDA CARDONA                              , Cedula Ciudadania   ,                         ,                           ,                                   , false                    ,                 , false           ,                    ,             , false       , false            ,                        , false                  , 963191                     , 2026-05-22 21:57:14.523, false             , false
001959, 001300099600001959,                    96,                     5549, 0001-01-01            ,                    ,                         ,              ,                   ,                    , 2014-02-12          , A                   , OTRO                     ,                ,                      ,                  ,                 ,                           ,                 ,                 ,                 , ACTIVE     ,    07807275, 000000030233885,             1,                         0, BIBIANA CARDENAS ARBELAEZ                                     , Cedula Ciudadania   ,                         ,                           ,                                   , false                    ,                 , false           ,                    ,             , false       , false            ,                        , false                  , 965549                     , 2026-05-22 21:57:14.523, false             , false
001967, 001300099600001967,                    96,                     7128, 0001-01-01            ,                    ,                         ,              ,                   ,                    , 2014-02-04          , 9                   , PROPUESTA                ,                ,                      ,                  ,                 ,                           ,                 ,                 ,                 , ACTIVE     ,    07818083, 000000075097144,             1,                         0, LEONARDO FABIO ARBELAEZ PATINO                                , Cedula Ciudadania   ,                         ,                           ,                                   , false                    ,                 , false           ,                    ,             , false       , false            ,                        , false                  , 967128                     , 2026-05-22 21:57:14.523, false             , false
001991, 001300099600001991,                    96,                     5549, 0001-01-01            ,                    ,                         ,              ,                   ,                    , 2014-02-05          , A                   , OTRO                     ,                ,                      ,                  ,                 ,                           ,                 ,                 ,                 , ACTIVE     ,    07807275, 000000030233885,             1,                         0, BIBIANA CARDENAS ARBELAEZ                                     , Cedula Ciudadania   ,                         ,                           ,                                   , false                    ,                 , false           ,                    ,             , false       , false            ,                        , false                  , 965549                     , 2026-05-22 21:57:14.523, false             , false
002007, 001300099600002007,                    96,                     5549, 0001-01-01            ,                    ,                         ,              ,                   ,                    , 2014-02-07          , 9                   , PROPUESTA                ,                ,                      ,                  ,                 ,                           ,                 ,                 ,                 , ACTIVE     ,    07807275, 000000030233885,             1,                         0, BIBIANA CARDENAS ARBELAEZ                                     , Cedula Ciudadania   ,                         ,                           ,                                   , false                    ,                 , false           ,                    ,             , false       , false            ,                        , false                  , 965549                     , 2026-05-22 21:57:14.523, false             , false
002130, 001300099600002130,                    96,                     1567, 0001-01-01            ,                    ,                         ,              ,                   ,                    , 2014-02-08          , A                   , OTRO                     ,                ,                      ,                  ,                 ,                           ,                 ,                 ,                 , ACTIVE     ,    03824035, 000000010253115,             1,                         0, CESAR AUGUSTO PELAEZ RAMIREZ                                  , Cedula Ciudadania   ,                         ,                           ,                                   , false                    ,                 , false           ,                    ,             , false       , false            ,                        , false                  , 961567                     , 2026-05-22 21:57:14.523, false             , false
002262, 001300099600002262,                    96,                     3127, 0001-01-01            ,                    ,                         ,              ,                   ,                    , 2019-11-23          , A                   , OTRO                     ,                ,                      ,                  ,                 ,                           ,                 ,                 ,                 , ACTIVE     ,    07851327, 000000075092209,             1,                         0, EDWIN HANEY PINZON RIVAS                                      , Cedula Ciudadania   ,                         ,                           ,                                   , false                    ,                 , false           ,                    ,             , false       , false            ,                        , false                  , 963127                     , 2026-05-22 21:57:14.523, false             , false
002288, 001300099600002288,                    96,                     5355, 0001-01-01            ,                    ,                         ,              ,                   ,                    , 2019-11-23          , A                   , OTRO                     ,                ,                      ,                  ,                 ,                           ,                 ,                 ,                 , ACTIVE     ,    05542358, 000000030397817,             1,                         0, SANDRA VIVIANA CORREA GIRALDO                                 , Cedula Ciudadania   ,                         ,                           ,                                   , false                    ,                 , false           ,                    ,             , false       , false            ,                        , false                  , 965355                     , 2026-05-22 21:57:14.523, false             , false
002304, 001300099600002304,                    96,                     5571, 0001-01-01            ,                    ,                         ,              ,                   ,                    , 2019-11-23          , A                   , ACTIVO                   ,                ,                      ,                  ,                 ,                           ,                 ,                 ,                 , ACTIVE     ,    03128991, 000000075082771,             1,                         0, CARLOS ARTURO HUERTAS LOPEZ                                   , Cedula Ciudadania   ,                         ,                           ,                                   , false                    ,                 , true            ,                 480, 2025-05-25  , true        , false            ,                        , false                  , 965571                     , 2026-05-22 21:57:14.523, false             , false
002312, 001300099600002312,                    96,                     2538, 0001-01-01            ,                    ,                         ,              ,                   ,                    , 2014-02-19          , A                   , ACTIVO                   ,                ,                      ,                  ,                 ,                           ,                 ,                 ,                 , ACTIVE     ,    07851843, 000000030373938,             1,                         0, ADRIANA MARIA ARIAS GALLEGO                                   , Cedula Ciudadania   ,                         ,                           ,                                   , false                    ,                 , true            ,                 480, 2025-05-25  , true        , false            ,                        , false                  , 962538                     , 2026-05-22 22:07:31.063, true              , false
002320, 001300099600002320,                    96,                     5549, 0001-01-01            ,                    ,                         ,              ,                   ,                    , 2014-02-14          , A                   , ACTIVO                   ,                ,                      ,                  ,                 ,                           ,                 ,                 ,                 , ACTIVE     ,    00203498, 000000010283646,             1,                         0, XAVIER ALONSO BUITRAGO BONILLA                                , Cedula Ciudadania   , 2026-05-13              ,                       1234, BANCA INVERSIONES COMPRA CART. SAS, true                     ,                 , false           ,                    ,             , false       , false            ,                        , false                  , 965549                     , 2026-05-22 21:57:14.523, false             , false
002429, 001300099600002429,                    96,                     1564, 0001-01-01            ,                    ,                         ,              ,                   ,                    , 2014-02-24          , A                   , ACTIVO                   ,                ,                      ,                  ,                 ,                           ,                 ,                 ,                 , ACTIVE     ,    07854192, 000000024338535,             1,                         0, KARLA JOHANNA GONZALEZ PEREZ                                  , Cedula Ciudadania   , 2026-03-30              ,                       1234, BANCA INVERSIONES COMPRA CART. SAS, true                     , 2026-04-30      , true            ,                    ,             , false       , false            ,                        , false                  , 961564                     , 2026-05-22 21:57:14.523, false             , false
002460, 001300099600002460,                    96,                     5549, 0001-01-01            ,                    ,                         ,              ,                   ,                    , 2019-11-23          , A                   , OTRO                     ,                ,                      ,                  ,                 ,                           ,                 ,                 ,                 , ACTIVE     ,    06970907, 000000034000290,             1,                         0, PAULA ANDREA PEREZ                                            , Cedula Ciudadania   ,                         ,                           ,                                   , false                    ,                 , false           ,                    ,             , false       , false            ,                        , false                  , 965549                     , 2026-05-22 21:57:14.523, false             , false
350611, 001303505000761102,                      ,                         , 0001-01-01            ,                    ,                         ,              ,                   ,                    ,                     ,                     ,                          ,          492489, IR                   ,                  ,                 ,                           ,                 ,                 ,                 , TDC        ,    12546566, 000000000185674,             5,                         0, JUAN ANTONIO SALGADO SALGADO                                  , Pasaporte           ,                         ,                           ,                                   , false                    ,                 , false           ,                    ,             , false       , false            ,                        , false                  ,                            , 2026-05-22 21:57:14.523, false             , false
391009, 001303915001100988,                      ,                         , 0001-01-01            ,                    ,                         ,              ,                   ,                    ,                     ,                     ,                          ,          492489, IR                   ,                  ,                 ,                           ,                 ,                 ,                 , TDC        ,    02303677, 000000000206865,             2,                         0, JOEL DOGLIONI                                                 , Cedula Extranjeria  ,                         ,                           ,                                   , false                    ,                 , false           ,                    ,             , false       , false            ,                        , false                  ,                            , 2026-05-22 21:57:14.523, false             , false
627212, 001306275000921216,                      ,                         , 0001-01-01            ,                    ,                         ,              ,                   ,                    ,                     ,                     ,                          ,          404280, N1                   ,                  ,                 ,                           ,                 ,                 ,                 , TDC        ,    12683586, 000000000241793,             2,                         0, ANDREA FABIANA HAEDO                                          , Cedula Extranjeria  ,                         ,                           ,                                   , false                    ,                 , false           ,                    ,             , false       , false            ,                        , false                  ,                            , 2026-05-22 21:57:14.523, false             , false
187512, 001301875000951231,                      ,                         , 0001-01-01            ,                    ,                         ,              ,                   ,                    ,                     ,                     ,                          ,          404280, N1                   ,                  ,                 ,                           ,                 ,                 ,                 , TDC        ,    01961926, 000000000250714,             2,                         0, LUIS ANTONIO VEGA PILCO                                       , Cedula Extranjeria  ,                         ,                           ,                                   , false                    ,                 , false           ,                    ,             , false       , false            ,                        , false                  ,                            , 2026-05-22 21:57:14.523, false             , false
479038, 001304795001403809,                      ,                         , 0001-01-01            ,                    ,                         ,              ,                   ,                    ,                     ,                     ,                          ,          404280, NY                   , 2025-11-27       ,                 ,                           ,                 ,                 ,                 , TDC        ,    00881979, 000000000252876,             2,                         0, RITA DEL CARMEN DAVILA JIJON                                  , Cedula Extranjeria  ,                         ,                           ,                                   , false                    ,                 , false           ,                    ,             , false       , false            ,                        , false                  ,                            , 2026-05-22 21:57:14.523, false             , false
158021, 001301585016102149,                      ,                         , 0001-01-01            ,                    ,                         ,              ,                   ,                    ,                     ,                     ,                          ,          404280, N1                   ,                  ,                 ,                           ,                 ,                 ,                 , TDC        ,    14605920, 000000000255565,             1,                         0, JAIRO ENRIQUE TORRES SOLER                                    , Cedula Ciudadania   ,                         ,                           ,                                   , false                    ,                 , false           ,                    ,             , false       , false            ,                        , false                  ,                            , 2026-05-22 21:57:14.523, false             , false
066381, 001300665000738139,                      ,                         , 0001-01-01            ,                    ,                         ,              ,                   ,                    ,                     ,                     ,                          ,          450407, HW                   ,                  ,                 ,                           ,                 ,                 ,                 , TDC        ,    12202815, 000000000261823,             1,                         0, HECTOR HERNAN BEJARANO BELTRAN                                , Cedula Ciudadania   ,                         ,                           ,                                   , false                    ,                 , false           ,                    ,             , false       , false            ,                        , false                  ,                            , 2026-05-22 21:57:14.523, false             , false
323744, 001303235001774470,                      ,                         , 0001-01-01            ,                    ,                         ,              ,                   ,                    ,                     ,                     ,                          ,          404280, N1                   ,                  ,                 ,                           ,                 ,                 ,                 , TDC        ,    08452569, 000000000276506,             2,                         0, EDWIN RAUL DIAZ MALDONADO                                     , Cedula Extranjeria  ,                         ,                           ,                                   , false                    ,                 , false           ,                    ,             , false       , false            ,                        , false                  ,                            , 2026-05-22 21:57:14.523, false             , false
362158, 001303625001615824,                      ,                         , 0001-01-01            ,                    ,                         ,              ,                   ,                    ,                     ,                     ,                          ,          492489, IR                   ,                  ,                 ,                           ,                 ,                 ,                 , TDC        ,    00014978, 000000000281744,             1,                         0, ALVARO PENA ALFONSO                                           , Cedula Ciudadania   ,                         ,                           ,                                   , false                    ,                 , false           ,                    ,             , false       , false            ,                        , false                  ,                            , 2026-05-22 21:57:14.523, false             , false
863669, 001308635000566972,                      ,                         , 0001-01-01            ,                    ,                         ,              ,                   ,                    ,                     ,                     ,                          ,          553643, 61                   ,                  ,                 ,                           ,                 ,                 ,                 , TDC        ,    10398434, 000000000289805,             2,                         0, DONGMEI CHEN                                                  , Cedula Extranjeria  ,                         ,                           ,                                   , false                    ,                 , false           ,                    ,             , false       , false            ,                        , false                  ,                            , 2026-05-22 21:57:14.523, false             , false
158154, 001301585015315445,                      ,                         , 0001-01-01            ,                    ,                         ,              ,                   ,                    ,                     ,                     ,                          ,          404280, N1                   ,                  ,                 ,                           ,                 ,                 ,                 , TDC        ,    12769909, 000000000308897,             2,                         0, LUIS VELASQUEZ VERA                                           , Cedula Extranjeria  ,                         ,                           ,                                   , false                    ,                 , false           ,                    ,             , false       , false            ,                        , false                  ,                            , 2026-05-22 21:57:14.523, false             , false
904291, 001309045001729117,                      ,                         , 0001-01-01            ,                    ,                         ,              ,                   ,                    ,                     ,                     ,                          ,          492489, IR                   ,                  ,                 ,                           ,                 ,                 ,                 , TDC        ,    09787146, 000000000331341,             2,                         0, FRANCISCO ORDAZ URRUTIA                                       , Cedula Extranjeria  ,                         ,                           ,                                   , false                    ,                 , false           ,                    ,             , false       , false            ,                        , false                  ,                            , 2026-05-22 21:57:14.523, false             , false
393433, 001303935000543350,                      ,                         , 0001-01-01            ,                    ,                         ,              ,                   ,                    ,                     ,                     ,                          ,          450407, HW                   ,                  ,                 ,                           ,                 ,                 ,                 , TDC        ,    03684709, 000000000334823,             1,                         0, MAURICIO CRUZ ROMERO                                          , Cedula Ciudadania   ,                         ,                           ,                                   , false                    ,                 , false           ,                    ,             , false       , false            ,                        , false                  ,                            , 2026-05-22 21:57:14.523, false             , false
510011, 001305105000801152,                      ,                         , 0001-01-01            ,                    ,                         ,              ,                   ,                    ,                     ,                     ,                          ,          553643, 61                   ,                  ,                 ,                           ,                 ,                 ,                 , TDC        ,    08736389, 000000000339404,             2,                         0, BERTA PILAR ALVAREZ PEREZ                                     , Cedula Extranjeria  ,                         ,                           ,                                   , false                    ,                 , false           ,                    ,             , false       , false            ,                        , false                  ,                            , 2026-05-22 21:57:14.523, false             , false
642861, 001306425000686182,                      ,                         , 0001-01-01            ,                    ,                         ,              ,                   ,                    ,                     ,                     ,                          ,          492489, IR                   ,                  ,                 ,                           ,                 ,                 ,                 , TDC        ,    06101972, 000000000346004,             2,                         0, SANTOS GARCIA SANCHEZ                                         , Cedula Extranjeria  ,                         ,                           ,                                   , false                    ,                 , false           ,                    ,             , false       , false            ,                        , false                  ,                            , 2026-05-22 21:57:14.523, false             , false
047511, 001300475000551148,                      ,                         , 0001-01-01            ,                    ,                         ,              ,                   ,                    ,                     ,                     ,                          ,          518761, KS                   ,                  ,                 ,                           ,                 ,                 ,                 , TDC        ,    00016166, 000000000347806,             1,                         0, ARMANDO DIMATE DIAZ                                           , Cedula Ciudadania   ,                         ,                           ,                                   , false                    ,                 , false           ,                    ,             , false       , false            ,                        , false                  ,                            , 2026-05-22 21:57:14.523, false             , false
710779, 001317105003077907,                      ,                         , 0001-01-01            ,                    ,                         ,              ,                   ,                    ,                     ,                     ,                          ,          450407, VD                   ,                  ,                 ,                           ,                 ,                 ,                 , TDC        ,    06467380, 000000000351343,             1,                         0, JOSE ERNESTO LOPEZ                                            , Cedula Ciudadania   ,                         ,                           ,                                   , false                    ,                 , false           ,                    ,             , false       , false            ,                        , false                  ,                            , 2026-05-22 21:57:14.523, false             , false
241707, 001302415000470772,                      ,                         , 0001-01-01            ,                    ,                         ,              ,                   ,                    ,                     ,                     ,                          ,          553643, 61                   , 2025-02-17       ,                 ,                           ,                 ,                 ,                 , TDC        ,    08241415, 000000000355642,             2,                         0, MAURO ANDRES TROSSERO                                         , Cedula Extranjeria  ,                         ,                           ,                                   , false                    ,                 , false           ,                    ,             , false       , false            ,                        , false                  ,                            , 2026-05-22 21:57:14.523, false             , false
418896, 001304185001089669,                      ,                         , 0001-01-01            ,                    ,                         ,              ,                   ,                    ,                     ,                     ,                          ,          548115, 72                   ,                  ,                 ,                           ,                 ,                 ,                 , TDC        ,    10182988, 000000000360542,             2,                         0, ENRIQUE ANDRES MORATA SILVA                                   , Cedula Extranjeria  ,                         ,                           ,                                   , false                    ,                 , false           ,                    ,             , false       , false            ,                        , false                  ,                            , 2026-05-22 21:57:14.523, false             , false
047781, 001300475000578182,                      ,                         , 0001-01-01            ,                    ,                         ,              ,                   ,                    ,                     ,                     ,                          ,          450407, HW                   ,                  ,                 ,                           ,                 ,                 ,                 , TDC        ,    06635925, 000000000365826,             2,                         0, CARLOS OMAR ROJAS SANCHEZ                                     , Cedula Extranjeria  ,                         ,                           ,                                   , false                    ,                 , false           ,                    ,             , false       , false            ,                        , false                  ,                            , 2026-05-22 21:57:14.523, false             , false
158372, 001301585017737240,                      ,                         , 0001-01-01            ,                    ,                         ,              ,                   ,                    ,                     ,                     ,                          ,          492489, IR                   ,                  ,                 ,                           ,                 ,                 ,                 , TDC        ,    07221500, 000000000370672,             2,                         0, BENJAMIN CASTRO CUESTA                                        , Cedula Extranjeria  ,                         ,                           ,                                   , false                    ,                 , false           ,                    ,             , false       , false            ,                        , false                  ,                            , 2026-05-22 21:57:14.523, false             , false
317621, 001303175000862118,                      ,                         , 0001-01-01            ,                    ,                         ,              ,                   ,                    ,                     ,                     ,                          ,          450407, HW                   ,                  ,                 ,                           ,                 ,                 ,                 , TDC        ,    08678916, 000000000374752,             2,                         0, SANDRA LUZ PARADA PALOMINO                                    , Cedula Extranjeria  ,                         ,                           ,                                   , false                    ,                 , false           ,                    ,             , false       , false            ,                        , false                  ,                            , 2026-05-22 21:57:14.523, false             , false
334410, 001303345000541067,                      ,                         , 0001-01-01            ,                    ,                         ,              ,                   ,                    ,                     ,                     ,                          ,          492489, IR                   ,                  ,                 ,                           ,                 ,                 ,                 , TDC        ,    07226649, 000000000375166,             2,                         0, RAMON OSCAR QUINTERO                                          , Cedula Extranjeria  ,                         ,                           ,                                   , false                    ,                 , false           ,                    ,             , false       , false            ,                        , false                  ,                            , 2026-05-22 21:57:14.523, false             , false
158799, 001301585017079981,                      ,                         , 0001-01-01            ,                    ,                         ,              ,                   ,                    ,                     ,                     ,                          ,          492489, IR                   ,                  ,                 ,                           ,                 ,                 ,                 , TDC        ,    10345466, 000000000381408,             2,                         0, GABRIELA ZORE RANOWSKY GONZALEZ                               , Cedula Extranjeria  ,                         ,                           ,                                   , false                    ,                 , false           ,                    ,             , false       , false            ,                        , false                  ,                            , 2026-05-22 21:57:14.523, false             , false
094099, 001300945002009923,                      ,                         , 0001-01-01            ,                    ,                         ,              ,                   ,                    ,                     ,                     ,                          ,          450408, IY                   ,                  ,                 ,                           ,                 ,                 ,                 , TDC        ,    02250330, 000000000385715,             1,                         0, FLAMINIO HUERFANO PINEROS                                     , Cedula Ciudadania   ,                         ,                           ,                                   , false                    ,                 , false           ,                    ,             , false       , false            ,                        , false                  ,                            , 2026-05-22 21:57:14.523, false             , false
518927, 001305185000892708,                      ,                         , 0001-01-01            ,                    ,                         ,              ,                   ,                    ,                     ,                     ,                          ,          404280, N1                   , 2022-11-10       ,                 ,                           ,                 ,                 ,                 , TDC        ,    09284397, 000000000387042,             2,                         0, ANGEL FERNANDEZ MANSILLA                                      , Cedula Extranjeria  ,                         ,                           ,                                   , false                    ,                 , false           ,                    ,             , false       , false            ,                        , false                  ,                            , 2026-05-22 21:57:14.523, false             , false
619623, 001306195000062383,                      ,                         , 0001-01-01            ,                    ,                         ,              ,                   ,                    ,                     ,                     ,                          ,          492489, IR                   ,                  ,                 ,                           ,                 ,                 ,                 , TDC        ,    08746837, 000000000387189,             2,                         0, SEBASTIAN ANGEL DECOUD                                        , Cedula Extranjeria  ,                         ,                           ,                                   , false                    ,                 , false           ,                    ,             , false       , false            ,                        , false                  ,                            , 2026-05-22 21:57:14.523, false             , false
781774, 001307815000077482,                      ,                         , 0001-01-01            ,                    ,                         ,              ,                   ,                    ,                     ,                     ,                          ,          492489, IR                   ,                  ,                 ,                           ,                 ,                 ,                 , TDC        ,    07311556, 000000000388018,             2,                         0, CLAUDIO NORBERTO PALACIOS                                     , Cedula Extranjeria  ,                         ,                           ,                                   , false                    ,                 , false           ,                    ,             , false       , false            ,                        , false                  ,                            , 2026-05-22 21:57:14.523, false             , false
158464, 001301585016846497,                      ,                         , 0001-01-01            ,                    ,                         ,              ,                   ,                    ,                     ,                     ,                          ,          492489, IR                   ,                  ,                 ,                           ,                 ,                 ,                 , TDC        ,    07527285, 000000000389372,             2,                         0, JORGE ALBERTO FLORES                                          , Cedula Extranjeria  ,                         ,                           ,                                   , false                    ,                 , false           ,                    ,             , false       , false            ,                        , false                  ,                            , 2026-05-22 21:57:14.523, false             , false
158480, 001301585016848071,                      ,                         , 0001-01-01            ,                    ,                         ,              ,                   ,                    ,                     ,                     ,                          ,          492489, IR                   ,                  ,                 ,                           ,                 ,                 ,                 , TDC        ,    07527285, 000000000389372,             2,                         0, JORGE ALBERTO FLORES                                          , Cedula Extranjeria  ,                         ,                           ,                                   , false                    ,                 , false           ,                    ,             , false       , false            ,                        , false                  ,                            , 2026-05-22 21:57:14.523, false             , false
350611, 001303505000761102,                      ,                         , 0001-01-01            ,                    ,                         ,              ,                   ,                    ,                     ,                     ,                          ,          492489, IR                   ,                  ,                 ,                           ,                 ,                 ,                 , TDC        ,    12546566, 000000000185674,             5,                         0, JUAN ANTONIO SALGADO SALGADO                                  , Pasaporte           ,                         ,                           ,                                   , false                    ,                 , false           ,                    ,             , false       , false            ,                        , false                  ,                            , 2026-05-22 21:57:14.523, false             , false
391009, 001303915001100988,                      ,                         , 0001-01-01            ,                    ,                         ,              ,                   ,                    ,                     ,                     ,                          ,          492489, IR                   ,                  ,                 ,                           ,                 ,                 ,                 , TDC        ,    02303677, 000000000206865,             2,                         0, JOEL DOGLIONI                                                 , Cedula Extranjeria  ,                         ,                           ,                                   , false                    ,                 , false           ,                    ,             , false       , false            ,                        , false                  ,                            , 2026-05-22 21:57:14.523, false             , false
627212, 001306275000921216,                      ,                         , 0001-01-01            ,                    ,                         ,              ,                   ,                    ,                     ,                     ,                          ,          404280, N1                   ,                  ,                 ,                           ,                 ,                 ,                 , TDC        ,    12683586, 000000000241793,             2,                         0, ANDREA FABIANA HAEDO                                          , Cedula Extranjeria  ,                         ,                           ,                                   , false                    ,                 , false           ,                    ,             , false       , false            ,                        , false                  ,                            , 2026-05-22 21:57:14.523, false             , false
187512, 001301875000951231,                      ,                         , 0001-01-01            ,                    ,                         ,              ,                   ,                    ,                     ,                     ,                          ,          404280, N1                   ,                  ,                 ,                           ,                 ,                 ,                 , TDC        ,    01961926, 000000000250714,             2,                         0, LUIS ANTONIO VEGA PILCO                                       , Cedula Extranjeria  ,                         ,                           ,                                   , false                    ,                 , false           ,                    ,             , false       , false            ,                        , false                  ,                            , 2026-05-22 21:57:14.523, false             , false
479038, 001304795001403809,                      ,                         , 0001-01-01            ,                    ,                         ,              ,                   ,                    ,                     ,                     ,                          ,          404280, NY                   , 2025-11-27       ,                 ,                           ,                 ,                 ,                 , TDC        ,    00881979, 000000000252876,             2,                         0, RITA DEL CARMEN DAVILA JIJON                                  , Cedula Extranjeria  ,                         ,                           ,                                   , false                    ,                 , false           ,                    ,             , false       , false            ,                        , false                  ,                            , 2026-05-22 21:57:14.523, false             , false
158021, 001301585016102149,                      ,                         , 0001-01-01            ,                    ,                         ,              ,                   ,                    ,                     ,                     ,                          ,          404280, N1                   ,                  ,                 ,                           ,                 ,                 ,                 , TDC        ,    14605920, 000000000255565,             1,                         0, JAIRO ENRIQUE TORRES SOLER                                    , Cedula Ciudadania   ,                         ,                           ,                                   , false                    ,                 , false           ,                    ,             , false       , false            ,                        , false                  ,                            , 2026-05-22 21:57:14.523, false             , false
066381, 001300665000738139,                      ,                         , 0001-01-01            ,                    ,                         ,              ,                   ,                    ,                     ,                     ,                          ,          450407, HW                   ,                  ,                 ,                           ,                 ,                 ,                 , TDC        ,    12202815, 000000000261823,             1,                         0, HECTOR HERNAN BEJARANO BELTRAN                                , Cedula Ciudadania   ,                         ,                           ,                                   , false                    ,                 , false           ,                    ,             , false       , false            ,                        , false                  ,                            , 2026-05-22 21:57:14.523, false             , false
323744, 001303235001774470,                      ,                         , 0001-01-01            ,                    ,                         ,              ,                   ,                    ,                     ,                     ,                          ,          404280, N1                   ,                  ,                 ,                           ,                 ,                 ,                 , TDC        ,    08452569, 000000000276506,             2,                         0, EDWIN RAUL DIAZ MALDONADO                                     , Cedula Extranjeria  ,                         ,                           ,                                   , false                    ,                 , false           ,                    ,             , false       , false            ,                        , false                  ,                            , 2026-05-22 21:57:14.523, false             , false
362158, 001303625001615824,                      ,                         , 0001-01-01            ,                    ,                         ,              ,                   ,                    ,                     ,                     ,                          ,          492489, IR                   ,                  ,                 ,                           ,                 ,                 ,                 , TDC        ,    00014978, 000000000281744,             1,                         0, ALVARO PENA ALFONSO                                           , Cedula Ciudadania   ,                         ,                           ,                                   , false                    ,                 , false           ,                    ,             , false       , false            ,                        , false                  ,                            , 2026-05-22 21:57:14.523, false             , false
863669, 001308635000566972,                      ,                         , 0001-01-01            ,                    ,                         ,              ,                   ,                    ,                     ,                     ,                          ,          553643, 61                   ,                  ,                 ,                           ,                 ,                 ,                 , TDC        ,    10398434, 000000000289805,             2,                         0, DONGMEI CHEN                                                  , Cedula Extranjeria  ,                         ,                           ,                                   , false                    ,                 , false           ,                    ,             , false       , false            ,                        , false                  ,                            , 2026-05-22 21:57:14.523, false             , false
158154, 001301585015315445,                      ,                         , 0001-01-01            ,                    ,                         ,              ,                   ,                    ,                     ,                     ,                          ,          404280, N1                   ,                  ,                 ,                           ,                 ,                 ,                 , TDC        ,    12769909, 000000000308897,             2,                         0, LUIS VELASQUEZ VERA                                           , Cedula Extranjeria  ,                         ,                           ,                                   , false                    ,                 , false           ,                    ,             , false       , false            ,                        , false                  ,                            , 2026-05-22 21:57:14.523, false             , false
904291, 001309045001729117,                      ,                         , 0001-01-01            ,                    ,                         ,              ,                   ,                    ,                     ,                     ,                          ,          492489, IR                   ,                  ,                 ,                           ,                 ,                 ,                 , TDC        ,    09787146, 000000000331341,             2,                         0, FRANCISCO ORDAZ URRUTIA                                       , Cedula Extranjeria  ,                         ,                           ,                                   , false                    ,                 , false           ,                    ,             , false       , false            ,                        , false                  ,                            , 2026-05-22 21:57:14.523, false             , false
393433, 001303935000543350,                      ,                         , 0001-01-01            ,                    ,                         ,              ,                   ,                    ,                     ,                     ,                          ,          450407, HW                   ,                  ,                 ,                           ,                 ,                 ,                 , TDC        ,    03684709, 000000000334823,             1,                         0, MAURICIO CRUZ ROMERO                                          , Cedula Ciudadania   ,                         ,                           ,                                   , false                    ,                 , false           ,                    ,             , false       , false            ,                        , false                  ,                            , 2026-05-22 21:57:14.523, false             , false
510011, 001305105000801152,                      ,                         , 0001-01-01            ,                    ,                         ,              ,                   ,                    ,                     ,                     ,                          ,          553643, 61                   ,                  ,                 ,                           ,                 ,                 ,                 , TDC        ,    08736389, 000000000339404,             2,                         0, BERTA PILAR ALVAREZ PEREZ                                     , Cedula Extranjeria  ,                         ,                           ,                                   , false                    ,                 , false           ,                    ,             , false       , false            ,                        , false                  ,                            , 2026-05-22 21:57:14.523, false             , false
642861, 001306425000686182,                      ,                         , 0001-01-01            ,                    ,                         ,              ,                   ,                    ,                     ,                     ,                          ,          492489, IR                   ,                  ,                 ,                           ,                 ,                 ,                 , TDC        ,    06101972, 000000000346004,             2,                         0, SANTOS GARCIA SANCHEZ                                         , Cedula Extranjeria  ,                         ,                           ,                                   , false                    ,                 , false           ,                    ,             , false       , false            ,                        , false                  ,                            , 2026-05-22 21:57:14.523, false             , false
047511, 001300475000551148,                      ,                         , 0001-01-01            ,                    ,                         ,              ,                   ,                    ,                     ,                     ,                          ,          518761, KS                   ,                  ,                 ,                           ,                 ,                 ,                 , TDC        ,    00016166, 000000000347806,             1,                         0, ARMANDO DIMATE DIAZ                                           , Cedula Ciudadania   ,                         ,                           ,                                   , false                    ,                 , false           ,                    ,             , false       , false            ,                        , false                  ,                            , 2026-05-22 21:57:14.523, false             , false
710779, 001317105003077907,                      ,                         , 0001-01-01            ,                    ,                         ,              ,                   ,                    ,                     ,                     ,                          ,          450407, VD                   ,                  ,                 ,                           ,                 ,                 ,                 , TDC        ,    06467380, 000000000351343,             1,                         0, JOSE ERNESTO LOPEZ                                            , Cedula Ciudadania   ,                         ,                           ,                                   , false                    ,                 , false           ,                    ,             , false       , false            ,                        , false                  ,                            , 2026-05-22 21:57:14.523, false             , false
241707, 001302415000470772,                      ,                         , 0001-01-01            ,                    ,                         ,              ,                   ,                    ,                     ,                     ,                          ,          553643, 61                   , 2025-02-17       ,                 ,                           ,                 ,                 ,                 , TDC        ,    08241415, 000000000355642,             2,                         0, MAURO ANDRES TROSSERO                                         , Cedula Extranjeria  ,                         ,                           ,                                   , false                    ,                 , false           ,                    ,             , false       , false            ,                        , false                  ,                            , 2026-05-22 21:57:14.523, false             , false
418896, 001304185001089669,                      ,                         , 0001-01-01            ,                    ,                         ,              ,                   ,                    ,                     ,                     ,                          ,          548115, 72                   ,                  ,                 ,                           ,                 ,                 ,                 , TDC        ,    10182988, 000000000360542,             2,                         0, ENRIQUE ANDRES MORATA SILVA                                   , Cedula Extranjeria  ,                         ,                           ,                                   , false                    ,                 , false           ,                    ,             , false       , false            ,                        , false                  ,                            , 2026-05-22 21:57:14.523, false             , false
047781, 001300475000578182,                      ,                         , 0001-01-01            ,                    ,                         ,              ,                   ,                    ,                     ,                     ,                          ,          450407, HW                   ,                  ,                 ,                           ,                 ,                 ,                 , TDC        ,    06635925, 000000000365826,             2,                         0, CARLOS OMAR ROJAS SANCHEZ                                     , Cedula Extranjeria  ,                         ,                           ,                                   , false                    ,                 , false           ,                    ,             , false       , false            ,                        , false                  ,                            , 2026-05-22 21:57:14.523, false             , false
158372, 001301585017737240,                      ,                         , 0001-01-01            ,                    ,                         ,              ,                   ,                    ,                     ,                     ,                          ,          492489, IR                   ,                  ,                 ,                           ,                 ,                 ,                 , TDC        ,    07221500, 000000000370672,             2,                         0, BENJAMIN CASTRO CUESTA                                        , Cedula Extranjeria  ,                         ,                           ,                                   , false                    ,                 , false           ,                    ,             , false       , false            ,                        , false                  ,                            , 2026-05-22 21:57:14.523, false             , false
317621, 001303175000862118,                      ,                         , 0001-01-01            ,                    ,                         ,              ,                   ,                    ,                     ,                     ,                          ,          450407, HW                   ,                  ,                 ,                           ,                 ,                 ,                 , TDC        ,    08678916, 000000000374752,             2,                         0, SANDRA LUZ PARADA PALOMINO                                    , Cedula Extranjeria  ,                         ,                           ,                                   , false                    ,                 , false           ,                    ,             , false       , false            ,                        , false                  ,                            , 2026-05-22 21:57:14.523, false             , false
334410, 001303345000541067,                      ,                         , 0001-01-01            ,                    ,                         ,              ,                   ,                    ,                     ,                     ,                          ,          492489, IR                   ,                  ,                 ,                           ,                 ,                 ,                 , TDC        ,    07226649, 000000000375166,             2,                         0, RAMON OSCAR QUINTERO                                          , Cedula Extranjeria  ,                         ,                           ,                                   , false                    ,                 , false           ,                    ,             , false       , false            ,                        , false                  ,                            , 2026-05-22 21:57:14.523, false             , false
158799, 001301585017079981,                      ,                         , 0001-01-01            ,                    ,                         ,              ,                   ,                    ,                     ,                     ,                          ,          492489, IR                   ,                  ,                 ,                           ,                 ,                 ,                 , TDC        ,    10345466, 000000000381408,             2,                         0, GABRIELA ZORE RANOWSKY GONZALEZ                               , Cedula Extranjeria  ,                         ,                           ,                                   , false                    ,                 , false           ,                    ,             , false       , false            ,                        , false                  ,                            , 2026-05-22 21:57:14.523, false             , false
094099, 001300945002009923,                      ,                         , 0001-01-01            ,                    ,                         ,              ,                   ,                    ,                     ,                     ,                          ,          450408, IY                   ,                  ,                 ,                           ,                 ,                 ,                 , TDC        ,    02250330, 000000000385715,             1,                         0, FLAMINIO HUERFANO PINEROS                                     , Cedula Ciudadania   ,                         ,                           ,                                   , false                    ,                 , false           ,                    ,             , false       , false            ,                        , false                  ,                            , 2026-05-22 21:57:14.523, false             , false
518927, 001305185000892708,                      ,                         , 0001-01-01            ,                    ,                         ,              ,                   ,                    ,                     ,                     ,                          ,          404280, N1                   , 2022-11-10       ,                 ,                           ,                 ,                 ,                 , TDC        ,    09284397, 000000000387042,             2,                         0, ANGEL FERNANDEZ MANSILLA                                      , Cedula Extranjeria  ,                         ,                           ,                                   , false                    ,                 , false           ,                    ,             , false       , false            ,                        , false                  ,                            , 2026-05-22 21:57:14.523, false             , false
619623, 001306195000062383,                      ,                         , 0001-01-01            ,                    ,                         ,              ,                   ,                    ,                     ,                     ,                          ,          492489, IR                   ,                  ,                 ,                           ,                 ,                 ,                 , TDC        ,    08746837, 000000000387189,             2,                         0, SEBASTIAN ANGEL DECOUD                                        , Cedula Extranjeria  ,                         ,                           ,                                   , false                    ,                 , false           ,                    ,             , false       , false            ,                        , false                  ,                            , 2026-05-22 21:57:14.523, false             , false
781774, 001307815000077482,                      ,                         , 0001-01-01            ,                    ,                         ,              ,                   ,                    ,                     ,                     ,                          ,          492489, IR                   ,                  ,                 ,                           ,                 ,                 ,                 , TDC        ,    07311556, 000000000388018,             2,                         0, CLAUDIO NORBERTO PALACIOS                                     , Cedula Extranjeria  ,                         ,                           ,                                   , false                    ,                 , false           ,                    ,             , false       , false            ,                        , false                  ,                            , 2026-05-22 21:57:14.523, false             , false
158464, 001301585016846497,                      ,                         , 0001-01-01            ,                    ,                         ,              ,                   ,                    ,                     ,                     ,                          ,          492489, IR                   ,                  ,                 ,                           ,                 ,                 ,                 , TDC        ,    07527285, 000000000389372,             2,                         0, JORGE ALBERTO FLORES                                          , Cedula Extranjeria  ,                         ,                           ,                                   , false                    ,                 , false           ,                    ,             , false       , false            ,                        , false                  ,                            , 2026-05-22 21:57:14.523, false             , false
158480, 001301585016848071,                      ,                         , 0001-01-01            ,                    ,                         ,              ,                   ,                    ,                     ,                     ,                          ,          492489, IR                   ,                  ,                 ,                           ,                 ,                 ,                 , TDC        ,    07527285, 000000000389372,             2,                         0, JORGE ALBERTO FLORES                                          , Cedula Extranjeria  ,                         ,                           ,                                   , false                    ,                 , false           ,                    ,             , false       , false            ,                        , false                  ,                            , 2026-05-22 21:57:14.523, false             , false
001723, 001305580100001723,                    01,                     0001, 1958-02-21            , A                  , ACTIVA                  , 0            , SIN BLOQUEO       , M                  ,                     ,                     ,                          ,                ,                      ,                  ,                 ,                           ,                 ,                 ,                 , PASIVE     ,    00168585, 000000008222303,             1,                         0, OVIDIO MEDINA                                                 , Cedula Ciudadania   ,                         ,                           ,                                   , false                    ,                 , false           ,                    ,             , false       , false            ,                        , false                  ,                            , 2026-05-22 21:57:14.523, false             , false
456684, 001305580100456684,                    01,                     0001, 1958-02-21            , A                  , ACTIVA                  , 0            , SIN BLOQUEO       , M                  ,                     ,                     ,                          ,                ,                      ,                  ,                 ,                           ,                 ,                 ,                 , PASIVE     ,    00456821, 000000006548760,             1,                         0, PEPITO PEREZ                                                  , Cedula Ciudadania   ,                         ,                           ,                                   , false                    ,                 , false           ,                    ,             , false       , false            ,                        , false                  ,                            , 2026-05-22 21:57:14.523, false             , false
212536, 001306400100212536,                    01,                     0001, 1918-10-31            , A                  , ACTIVA                  , 0            , SIN BLOQUEO       , M                  ,                     ,                     ,                          ,                ,                      ,                  ,                 ,                           ,                 ,                 ,                 , PASIVE     ,    01214447, 000000004442917,             1,                         0, HECTOR HELI GIRALDO MONTES                                    , Cedula Ciudadania   ,                         ,                           ,                                   , false                    ,                 , false           ,                    ,             , false       , false            ,                        , false                  , 010001                     , 2026-05-22 21:57:14.523, false             , false
105840, 001301340100105840,                    01,                     0001, 1956-01-01            , A                  , ACTIVA                  , 0            , SIN BLOQUEO       , M                  ,                     ,                     ,                          ,                ,                      ,                  ,                 ,                           ,                 ,                 ,                 , PASIVE     ,    00075507, 000000003249034,             1,                         0, CARLOS EDUARDO HUERTAS CASTANEDA                              , Cedula Ciudadania   ,                         ,                           ,                                   , false                    ,                 , false           ,                    ,             , false       , false            ,                        , false                  , 010001                     , 2026-05-22 21:57:14.523, false             , false
013105, 001309400200013105,                    02,                     0002, 1956-01-01            , C                  , CANCELADA               , 0            , SIN BLOQUEO       , S                  ,                     ,                     ,                          ,                ,                      ,                  ,                 ,                           ,                 ,                 ,                 , PASIVE     ,    00111964, 000000005091425,             1,                         0, PEDRO EMILIO SANTANA CONTRERAS                                , Cedula Ciudadania   ,                         ,                           ,                                   , false                    ,                 , false           ,                    ,             , false       , false            ,                        , false                  , 020002                     , 2026-05-22 21:57:14.523, false             , false
163003, 001300520100163003,                    01,                     0001, 1956-01-01            , C                  , CANCELADA               , 0            , SIN BLOQUEO       , S                  ,                     ,                     ,                          ,                ,                      ,                  ,                 ,                           ,                 ,                 ,                 , PASIVE     ,    00173575, 000000008386712,             1,                         0, JESUS ANTONIO LOPERA LOPERA                                   , Cedula Ciudadania   ,                         ,                           ,                                   , false                    ,                 , false           ,                    ,             , false       , false            ,                        , false                  , 010001                     , 2026-05-22 21:57:14.523, false             , false
098623, 001301340100098623,                    01,                     0001, 1956-01-01            , A                  , ACTIVA                  , 0            , SIN BLOQUEO       , M                  ,                     ,                     ,                          ,                ,                      ,                  ,                 ,                           ,                 ,                 ,                 , PASIVE     ,    01837593, 000000010099396,             1,                         0, SILVIO RAMIREZ CARDENAS                                       , Cedula Ciudadania   ,                         ,                           ,                                   , false                    ,                 , false           ,                    ,             , false       , false            ,                        , false                  , 010001                     , 2026-05-22 21:57:14.523, false             , false
069772, 001301340100069772,                    01,                     0001, 1956-01-01            , A                  , ACTIVA                  , 0            , SIN BLOQUEO       , M                  ,                     ,                     ,                          ,                ,                      ,                  ,                 ,                           ,                 ,                 ,                 , PASIVE     ,    01837581, 000000017132404,             1,                         0, LUIS RODRIGUEZ OSORIO                                         , Cedula Ciudadania   ,                         ,                           ,                                   , false                    ,                 , false           ,                    ,             , false       , false            ,                        , false                  , 010001                     , 2026-05-22 21:57:14.523, false             , false
106160, 001301340100106160,                    01,                     0001, 1956-01-01            , C                  , CANCELADA               , 0            , SIN BLOQUEO       , N                  ,                     ,                     ,                          ,                ,                      ,                  ,                 ,                           ,                 ,                 ,                 , PASIVE     ,    00340450, 000000019192702,             1,                         0, PEDRO JESUS SANDOVAL ORTIZ                                    , Cedula Ciudadania   ,                         ,                           ,                                   , false                    ,                 , false           ,                    ,             , false       , false            ,                        , false                  , 010001                     , 2026-05-22 21:57:14.523, false             , false
039395, 001300920100039395,                    01,                     0001, 1956-01-01            , C                  , CANCELADA               , 0            , SIN BLOQUEO       , S                  ,                     ,                     ,                          ,                ,                      ,                  ,                 ,                           ,                 ,                 ,                 , PASIVE     ,    00535465, 000000032667108,             1,                         0, CARMEN CECILIA DIAZ GRANADOS TORRES                           , Cedula Ciudadania   ,                         ,                           ,                                   , false                    ,                 , false           ,                    ,             , false       , false            ,                        , false                  , 010001                     , 2026-05-22 21:57:14.523, false             , false
105097, 001301340100105097,                    01,                     0001, 1956-01-01            , A                  , ACTIVA                  , 0            , SIN BLOQUEO       , M                  ,                     ,                     ,                          ,                ,                      ,                  ,                 ,                           ,                 ,                 ,                 , PASIVE     ,    01837601, 000000071240001,             1,                         0, JOEL ZULUAGA BOTERO                                           , Cedula Ciudadania   ,                         ,                           ,                                   , false                    ,                 , false           ,                    ,             , false       , false            ,                        , false                  , 010001                     , 2026-05-22 21:57:14.523, false             , false
066541, 001309400100066541,                    01,                     0001, 1956-01-01            , C                  , CANCELADA               , 0            , SIN BLOQUEO       , S                  ,                     ,                     ,                          ,                ,                      ,                  ,                 ,                           ,                 ,                 ,                 , PASIVE     ,    00779290, 000000077030466,             1,                         0, JAIME BERKELEY GAMEZ                                          , Cedula Ciudadania   ,                         ,                           ,                                   , false                    ,                 , false           ,                    ,             , false       , false            ,                        , false                  , 010001                     , 2026-05-22 21:57:14.523, false             , false
162829, 001301970100162829,                    01,                     0001, 1956-01-01            , C                  , CANCELADA               , 0            , SIN BLOQUEO       , N                  ,                     ,                     ,                          ,                ,                      ,                  ,                 ,                           ,                 ,                 ,                 , PASIVE     ,    00857192, 000000091258524,             1,                         0, JUAN PABLO CABANZO LOPEZ                                      , Cedula Ciudadania   ,                         ,                           ,                                   , false                    ,                 , false           ,                    ,             , false       , false            ,                        , false                  , 010001                     , 2026-05-22 21:57:14.523, false             , false
270747, 001301970100270747,                    01,                     0001, 1956-01-01            , C                  , CANCELADA               , 0            , SIN BLOQUEO       , S                  ,                     ,                     ,                          ,                ,                      ,                  ,                 ,                           ,                 ,                 ,                 , PASIVE     ,    00859704, 000000091340158,             1,                         0, RAIMUNDO DUARTE DIAZ                                          , Cedula Ciudadania   ,                         ,                           ,                                   , false                    ,                 , false           ,                    ,             , false       , false            ,                        , false                  , 010001                     , 2026-05-22 21:57:14.523, false             , false
057429, 001300520100057429,                    01,                     0001, 1956-01-01            , C                  , CANCELADA               , 0            , SIN BLOQUEO       , S                  ,                     ,                     ,                          ,                ,                      ,                  ,                 ,                           ,                 ,                 ,                 , PASIVE     ,    00886493, 000000800021137,             3,                         2, AGRICOLA SARA PALMA S A                                       , Nit Persona Juridica,                         ,                           ,                                   , false                    ,                 , false           ,                    ,             , false       , false            ,                        , false                  , 010001                     , 2026-05-22 21:57:14.523, false             , false
104165, 001301340100104165,                    01,                     0001, 1956-01-01            , C                  , CANCELADA               , 0            , SIN BLOQUEO       , N                  ,                     ,                     ,                          ,                ,                      ,                  ,                 ,                           ,                 ,                 ,                 , PASIVE     ,    00925960, 000000800231346,             3,                         6, SISTEMATICA RODRIGUE Z ARIAS Y CI  S EN C .                   , Nit Persona Juridica,                         ,                           ,                                   , false                    ,                 , false           ,                    ,             , false       , false            ,                        , false                  , 010001                     , 2026-05-22 21:57:14.523, false             , false
032935, 001309380100032935,                    01,                     0001, 1956-01-01            , C                  , CANCELADA               , 0            , SIN BLOQUEO       , S                  ,                     ,                     ,                          ,                ,                      ,                  ,                 ,                           ,                 ,                 ,                 , PASIVE     ,    00995431, 000000892399999,             3,                         1, DEPARTAMENTO DEL CES AR                                       , Nit Persona Juridica,                         ,                           ,                                   , false                    ,                 , false           ,                    ,             , false       , false            ,                        , false                  , 010001                     , 2026-05-22 21:57:14.523, false             , false
142320, 001309380100142320,                    01,                     0001, 1956-01-01            , C                  , CANCELADA               , 0            , SIN BLOQUEO       , S                  ,                     ,                     ,                          ,                ,                      ,                  ,                 ,                           ,                 ,                 ,                 , PASIVE     ,    00995431, 000000892399999,             3,                         1, DEPARTAMENTO DEL CES AR                                       , Nit Persona Juridica,                         ,                           ,                                   , false                    ,                 , false           ,                    ,             , false       , false            ,                        , false                  , 010001                     , 2026-05-22 21:57:14.523, false             , false
025272, 001309250200025272,                    02,                     0002, 1956-01-01            , A                  , ACTIVA                  , 0            , SIN BLOQUEO       , M                  ,                     ,                     ,                          ,                ,                      ,                  ,                 ,                           ,                 ,                 ,                 , PASIVE     ,    01840562, 000007979163797,             1,                         0, CEDULA SIN NOMBRE                                             , Cedula Ciudadania   ,                         ,                           ,                                   , false                    ,                 , false           ,                    ,             , false       , false            ,                        , false                  , 020002                     , 2026-05-22 21:57:14.523, false             , false
149994, 001308390100149994,                    01,                     0001, 1956-01-01            , A                  , ACTIVA                  , 0            , SIN BLOQUEO       , T                  ,                     ,                     ,                          ,                ,                      ,                  ,                 ,                           ,                 ,                 ,                 , PASIVE     ,    01837920, 002222222222200,             1,                         0, CLIENTES CONTROL CUENTAS                                      , Cedula Ciudadania   ,                         ,                           ,                                   , false                    ,                 , false           ,                    ,             , false       , false            ,                        , false                  , 010001                     , 2026-05-22 21:57:14.523, false             , false
666665, 001300870100666665,                    01,                     0001, 1956-01-01            , A                  , ACTIVA                  , 0            , SIN BLOQUEO       , M                  ,                     ,                     ,                          ,                ,                      ,                  ,                 ,                           ,                 ,                 ,                 , PASIVE     ,    01837641, 006666666666600,             1,                         0, EMBARGADAS CUENTAS                                            , Cedula Ciudadania   ,                         ,                           ,                                   , false                    ,                 , false           ,                    ,             , false       , false            ,                        , false                  , 010001                     , 2026-05-22 21:57:14.523, false             , false
005578, 001301260100005578,                    01,                     0001, 1956-03-10            , C                  , CANCELADA               , 0            , SIN BLOQUEO       , N                  ,                     ,                     ,                          ,                ,                      ,                  ,                 ,                           ,                 ,                 ,                 , PASIVE     ,    00064002, 000000002867164,             1,                         0, LUIS EDUARDO FLOREZ HERNANDEZ                                 , Cedula Ciudadania   ,                         ,                           ,                                   , false                    ,                 , false           ,                    ,             , false       , false            ,                        , false                  , 010001                     , 2026-05-22 21:57:14.523, false             , false
023361, 001307240100023361,                    01,                     0001, 1956-04-27            , A                  , ACTIVA                  , 0            , SIN BLOQUEO       , M                  ,                     ,                     ,                          ,                ,                      ,                  ,                 ,                           ,                 ,                 ,                 , PASIVE     ,    00679422, 000000051611295,             1,                         0, GLORIA INES BARBOSA DE MORALES                                , Cedula Ciudadania   ,                         ,                           ,                                   , false                    ,                 , false           ,                    ,             , false       , false            ,                        , false                  , 010001                     , 2026-05-22 21:57:14.523, false             , false
141959, 001309380100141959,                    01,                     0001, 1956-06-22            , C                  , CANCELADA               , 0            , SIN BLOQUEO       , N                  ,                     ,                     ,                          ,                ,                      ,                  ,                 ,                           ,                 ,                 ,                 , PASIVE     ,    00956680, 000000860025610,             3,                         1, FONDO DE EMPLEADOS D E INSTITUCIONES COLO MBIANAS AGROPECUARIA, Nit Persona Juridica,                         ,                           ,                                   , false                    ,                 , false           ,                    ,             , false       , false            ,                        , false                  , 010001                     , 2026-05-22 21:57:14.523, false             , false
000022, 001305580100000022,                    01,                     0001, 1958-02-21            , A                  , ACTIVA                  , 0            , SIN BLOQUEO       , M                  ,                     ,                     ,                          ,                ,                      ,                  ,                 ,                           ,                 ,                 ,                 , PASIVE     ,    00152671, 000000007133014,             1,                         0, ISMAEL GUZMAN BEJARANO                                        , Cedula Ciudadania   ,                         ,                           ,                                   , false                    ,                 , false           ,                    ,             , false       , false            ,                        , false                  , 010001                     , 2026-05-22 21:57:14.523, false             , false
185685, 001301260100185685,                    01,                     0001, 1958-10-13            , A                  , ACTIVA                  , 0            , SIN BLOQUEO       , T                  ,                     ,                     ,                          ,                ,                      ,                  ,                 ,                           ,                 ,                 ,                 , PASIVE     ,    00371942, 000000020199048,             1,                         0, HILDA LINARES DE HERNANDEZ                                    , Cedula Ciudadania   ,                         ,                           ,                                   , false                    ,                 , false           ,                    ,             , false       , false            ,                        , false                  , 010001                     , 2026-05-22 21:57:14.523, false             , false
000532, 001301970100000532,                    01,                     0001, 1959-08-09            , A                  , ACTIVA                  , 0            , SIN BLOQUEO       , M                  ,                     ,                     ,                          ,                ,                      ,                  ,                 ,                           ,                 ,                 ,                 , PASIVE     ,    00120544, 000000005538613,             1,                         0, JORGE ARTURO MARTINEZ REYES                                   , Cedula Ciudadania   ,                         ,                           ,                                   , false                    ,                 , false           ,                    ,             , false       , false            ,                        , false                  , 010001                     , 2026-05-22 21:57:14.523, false             , false
040028, 001303500100040028,                    01,                     0001, 1959-10-10            , A                  , ACTIVA                  , E            , CUENTA EMBARGADA  , M                  ,                     ,                     ,                          ,                ,                      ,                  ,                 ,                           ,                 ,                 ,                 , PASIVE     ,    00528705, 000000032418511,             1,                         0, MARIA VICTORIA GONZALEZ DE OSPINA                             , Cedula Ciudadania   ,                         ,                           ,                                   , false                    ,                 , false           ,                    ,             , false       , false            ,                        , false                  , 010001                     , 2026-05-22 21:57:14.523, false             , false
192728, 001302530100192728,                    01,                     0001, 1960-01-01            , A                  , ACTIVA                  , E            , CUENTA EMBARGADA  , M                  ,                     ,                     ,                          ,                ,                      ,                  ,                 ,                           ,                 ,                 ,                 , PASIVE     ,    00029998, 000000000964129,             1,                         0, ASTREBERTO JULIO BLANCO                                       , Cedula Ciudadania   ,                         ,                           ,                                   , false                    ,                 , false           ,                    ,             , false       , false            ,                        , false                  , 010001                     , 2026-05-22 21:57:14.523, false             , false
024997, 001307240100024997,                    01,                     0001, 1960-01-01            , A                  , ACTIVA                  , 0            , SIN BLOQUEO       , T                  ,                     ,                     ,                          ,                ,                      ,                  ,                 ,                           ,                 ,                 ,                 , PASIVE     ,    00065638, 000000002895400,             1,                         0, JESUS ANTONIO GARZON FANDINO                                  , Cedula Ciudadania   ,                         ,                           ,                                   , false                    ,                 , false           ,                    ,             , false       , false            ,                        , false                  , 010001                     , 2026-05-22 21:57:14.523, false             , false
189906, 001302530100189906,                    01,                     0001, 1960-01-01            , A                  , ACTIVA                  , E            , CUENTA EMBARGADA  , M                  ,                     ,                     ,                          ,                ,                      ,                  ,                 ,                           ,                 ,                 ,                 , PASIVE     ,    00075473, 000000003247652,             1,                         0, FABIO VILLALBA ESPITIA                                        , Cedula Ciudadania   ,                         ,                           ,                                   , false                    ,                 , false           ,                    ,             , false       , false            ,                        , false                  , 010001                     , 2026-05-22 21:57:14.523, false             , false
900001, 001300099600900001,                    96,                     3191, 2018-06-15            ,                    ,                         ,              ,                   ,                    , 2024-09-10          , A                   , ACTIVO                   ,                ,                      ,                  ,                 ,                           ,                 ,                 ,                 , ACTIVE     ,    08123456, 000001053900001,             1,                         0, LUISA FERNANDA TORRES MORENO                                  , Cedula Ciudadania   , 2026-01-26              ,                       1234, BANCA INVERSIONES COMPRA CART. SAS, true                     ,                 , false           ,                 180, 2025-11-07  , true        , false            , 2026-05-21             , true                   , 963191                     , 2026-05-26 09:00:00.000, true              , false
900002, 001300099600900002,                    96,                     5394, 2016-02-20            ,                    ,                         ,              ,                   ,                    , 2023-11-05          , A                   , ACTIVO                   ,                ,                      ,                  ,                 ,                           ,                 ,                 ,                 , ACTIVE     ,    06234567, 000001053900002,             1,                         0, JORGE MARIO RAMIREZ CASTANO                                   , Cedula Ciudadania   , 2026-03-27              ,                       1234, BANCA INVERSIONES COMPRA CART. SAS, true                     ,                 , false           ,                  90, 2026-02-05  , true        , false            , 2026-05-23             , true                   , 965394                     , 2026-05-26 09:00:00.000, true              , false
900003, 001300099600900003,                    96,                     5136, 2019-08-12            ,                    ,                         ,              ,                   ,                    , 2025-01-18          , A                   , ACTIVO                   ,                ,                      ,                  ,                 ,                           ,                 ,                 ,                 , ACTIVE     ,    05445678, 000001053900003,             1,                         0, CLAUDIA PATRICIA NIETO SUAREZ                                 , Cedula Ciudadania   , 2025-11-07              ,                       5678, REFINANCIA S A                    , true                     ,                 , false           ,                 365, 2025-04-21  , true        , false            , 2026-05-16             , true                   , 965136                     , 2026-05-26 09:00:00.000, true              , false
900101, 001300099600900101,                    96,                     3127, 2017-04-03            ,                    ,                         ,              ,                   ,                    , 2024-12-20          , 1                   , CANCELADO                ,                ,                      ,                  ,                 ,                           ,                 ,                 ,                 , ACTIVE     ,    07556789, 000001053900101,             1,                         0, ANDRES FELIPE ROJAS GUZMAN                                    , Cedula Ciudadania   ,                         ,                           ,                                   , false                    , 2021-12-27      , false           ,                 365, 2021-12-27  , false       , false            , 2026-05-22             , true                   , 963127                     , 2026-05-26 09:00:00.000, true              , false
900102, 001300099600900102,                    96,                     1567, 2015-09-25            ,                    ,                         ,              ,                   ,                    , 2023-06-30          , 1                   , CANCELADO                ,                ,                      ,                  ,                 ,                           ,                 ,                 ,                 , ACTIVE     ,    03667890, 000001053900102,             1,                         0, MARIA CAMILA OSORIO PEREZ                                     , Cedula Ciudadania   ,                         ,                           ,                                   , false                    , 2026-03-12      , true            ,                 420, 2025-03-02  , true        , false            , 2026-05-24             , true                   , 961567                     , 2026-05-26 09:00:00.000, true              , false
900103, 001300099600900103,                    96,                     5571, 2018-11-11            ,                    ,                         ,              ,                   ,                    , 2025-03-15          , 1                   , CANCELADO                ,                ,                      ,                  ,                 ,                           ,                 ,                 ,                 , ACTIVE     ,    08778901, 000001053900103,             1,                         0, OSCAR JAVIER MENDOZA LOPEZ                                    , Cedula Ciudadania   ,                         ,                           ,                                   , false                    , 2025-05-26      , true            ,                 720, 2024-03-17  , true        , false            , 2026-05-25             , true                   , 965571                     , 2026-05-26 09:00:00.000, true              , false
900201, 001300099699900201,                    99,                     0011, 2025-12-10            ,                    ,                         ,              ,                   ,                    , 2026-05-01          , A                   , ACTIVO                   ,                ,                      ,                  ,                 ,                           ,                 ,                 ,                 , ACTIVE     ,    09889012, 000001053900201,             1,                         0, DANIELA ALEJANDRA QUINTERO RIOS                               , Cedula Ciudadania   ,                         ,                           ,                                   , false                    ,                 , false           ,                    ,             , false       , false            ,                        , false                  , 990011 - ADELANTO DE NOMINA, 2026-05-26 09:00:00.000, false             , true
900202, 001300099699900202,                    99,                     0011, 2026-01-22            ,                    ,                         ,              ,                   ,                    , 2026-04-22          , A                   , ACTIVO                   ,                ,                      ,                  ,                 ,                           ,                 ,                 ,                 , ACTIVE     ,    10990123, 000001053900202,             1,                         0, SEBASTIAN ALONSO PARRA VARGAS                                 , Cedula Ciudadania   ,                         ,                           ,                                   , false                    ,                 , false           ,                  45, 2026-04-06  , true        , false            , 2026-05-19             , true                   , 990011 - ADELANTO DE NOMINA, 2026-05-26 09:00:00.000, false             , true
900203, 001300099699900203,                    99,                     0011, 2025-08-05            ,                    ,                         ,              ,                   ,                    , 2026-05-15          , A                   , ACTIVO                   ,                ,                      ,                  ,                 ,                           ,                 ,                 ,                 , ACTIVE     ,    11001234, 000001053900203,             1,                         0, VALERIA SOFIA HERRERA CAICEDO                                 , Cedula Ciudadania   ,                         ,                           ,                                   , false                    ,                 , false           ,                    ,             , false       , false            ,                        , false                  , 990011 - ADELANTO DE NOMINA, 2026-05-26 09:00:00.000, false             , true
