key_id, contract_id       , commercial_product_id, commercial_subproduct_id, contract_register_date, account_status_type, account_status_type_desc, blocking_type, blocking_type_desc, account_freeze_type, contract_status_date, contract_status_type, contract_status_type_desc, card_bin_number, card_bin_subtype_type, contract_end_date, participant_type, participation_order_number, card_status_type, card_status_date, last_four_pan_id, origin_flag, customer_id, personal_id    , personal_type, personal_verif_digit_type, customer_name                                                 , personal_type_desc  , off_loaded_porfolio_date, portfolio_buyer_company_id, buyer_name                        , off_loaded_portfolio_flag, written_off_date, written_off_flag, default_days_number, default_date, default_flag, restructured_flag, date_consult_risk_ctral, flag_consult_risk_ctral, product_desc               , audit_date             , default_status_pay, adelanto_nomina_flag, seizure_contract_id, court_order_id, court_order_entry_date, seizure_issuing_court_name                             , seizure_pay_date, seizure_flag, seizure_off_flag, default_end_date, written_off_end_date, customer_mail                    , seizure_off_date, seizure_off_desc
000058, 001300019600000058,                    96,                     3448, 2024-05-27            ,                    ,                         ,              ,                   ,                    , 2024-05-28          , 1                   , CANCELADO                ,                ,                      ,                  ,                 ,                           ,                 ,                 ,                 , ACTIVE     ,    01232829, 000000012555147,             1,                         0, RICARDO JESUS SEALES REYES                                    , Cedula Ciudadania   ,                         ,                           ,                                   , false                    ,                 , false           ,                    ,             , false       , false            ,                        , false                  , 963448                     , 2026-05-22 22:07:31.063, false             , false               ,                    ,               ,                       ,                                                        ,                 , false       , false           ,                 ,                     , ricardo_reyes147@outlook.com     ,                 , 
000290, 001300099600000290,                    96,                     3218, 0001-01-01            ,                    ,                         ,              ,                   ,                    , 2013-10-01          , 9                   , PROPUESTA                ,                ,                      ,                  ,                 ,                           ,                 ,                 ,                 , ACTIVE     ,    04167712, 000000024431518,             1,                         0, LUZ NORY OCAMPO SALAZAR                                       , Cedula Ciudadania   ,                         ,                           ,                                   , false                    ,                 , false           ,                    ,             , false       , false            ,                        , false                  , 963218                     , 2026-05-22 22:07:31.063, false             , false               ,                    ,               ,                       ,                                                        ,                 , false       , false           ,                 ,                     , luz.salazar518@protonmail.com    ,                 , 
000332, 001300099600000332,                    96,                     5136, 2013-11-06            ,                    ,                         ,              ,                   ,                    , 2022-07-14          , 1                   , CANCELADO                ,                ,                      ,                  ,                 ,                           ,                 ,                 ,                 , ACTIVE     ,    07136263, 000000025054238,             1,                         0, MARIA ESNEDA VALENCIA CALVO                                   , Cedula Ciudadania   ,                         ,                           ,                                   , false                    ,                 , false           ,                    ,             , false       , false            ,                        , false                  , 965136                     , 2026-05-22 22:07:31.063, false             , false               ,                    ,               ,                       ,                                                        ,                 , false       , false           ,                 ,                     , mcalvo238@bbva.com.co            ,                 , 
000373, 001300099600000373,                    96,                     5136, 0001-01-01            ,                    ,                         ,              ,                   ,                    , 2017-10-05          , A                   , OTRO                     ,                ,                      ,                  ,                 ,                           ,                 ,                 ,                 , ACTIVE     ,    07679301, 000000016078805,             1,                         0, LUIS CARLOS BOTERO IDARRAGA                                   , Cedula Ciudadania   ,                         ,                           ,                                   , false                    ,                 , false           ,                    ,             , false       , false            ,                        , false                  , 965136                     , 2026-05-22 22:07:31.063, false             , false               ,                    ,               ,                       ,                                                        ,                 , false       , false           ,                 ,                     , luis.idarraga805@icloud.com      ,                 , 
000712, 001300099600000712,                    96,                     5112, 0001-01-01            ,                    ,                         ,              ,                   ,                    , 2013-11-19          , 9                   , PROPUESTA                ,                ,                      ,                  ,                 ,                           ,                 ,                 ,                 , ACTIVE     ,    07732016, 000001053836011,             1,                         0, MARIANTONIA GOMEZ MURIEL                                      , Cedula Ciudadania   ,                         ,                           ,                                   , false                    ,                 , false           ,                    ,             , false       , false            ,                        , false                  , 965112                     , 2026-05-22 22:07:31.063, false             , false               ,                    ,               ,                       ,                                                        ,                 , false       , false           ,                 ,                     , mariantoniam011@protonmail.com   ,                 , 
000993, 001300099600000993,                    96,                     1783, 0001-01-01            ,                    ,                         ,              ,                   ,                    , 2019-11-23          , A                   , OTRO                     ,                ,                      ,                  ,                 ,                           ,                 ,                 ,                 , ACTIVE     ,    03218596, 000000030337003,             1,                         0, ALBA ROCIO LOPEZ SALAZAR                                      , Cedula Ciudadania   ,                         ,                           ,                                   , false                    ,                 , false           ,                    ,             , false       , false            ,                        , false                  , 961783                     , 2026-05-22 22:07:31.063, false             , false               ,                    ,               ,                       ,                                                        ,                 , false       , false           ,                 ,                     , alba_salazar003@live.com         ,                 , 
001124, 001300099600001124,                    96,                     3127, 0001-01-01            ,                    ,                         ,              ,                   ,                    , 2013-12-13          , 9                   , PROPUESTA                ,                ,                      ,                  ,                 ,                           ,                 ,                 ,                 , ACTIVE     ,    07770851, 000001053784482,             1,                         0, YUDY LUCIA ARISTIZABAL GIRALDO                                , Cedula Ciudadania   ,                         ,                           ,                                   , false                    ,                 , false           ,                    ,             , false       , false            ,                        , false                  , 963127                     , 2026-05-22 22:07:31.063, false             , false               ,                    ,               ,                       ,                                                        ,                 , false       , false           ,                 ,                     , ygiraldo482@yahoo.com            ,                 , 
001157, 001300099600001157,                    96,                     5567, 0001-01-01            ,                    ,                         ,              ,                   ,                    , 2014-06-14          , A                   , OTRO                     ,                ,                      ,                  ,                 ,                           ,                 ,                 ,                 , ACTIVE     ,    07732016, 000001053836011,             1,                         0, MARIANTONIA GOMEZ MURIEL                                      , Cedula Ciudadania   ,                         ,                           ,                                   , false                    ,                 , false           ,                    ,             , false       , false            ,                        , false                  , 965567                     , 2026-05-22 22:07:31.063, false             , false               ,                    ,               ,                       ,                                                        ,                 , false       , false           ,                 ,                     , mariantoniam011@protonmail.com   ,                 , 
001264, 001300099600001264,                    96,                     5394, 2014-02-10            ,                    ,                         ,              ,                   ,                    , 2024-02-12          , A                   , ACTIVO                   ,                ,                      ,                  ,                 ,                           ,                 ,                 ,                 , ACTIVE     ,    01227510, 000000010225566,             1,                         0, NELSON DE JESUS GONZALEZ HOYOS                                , Cedula Ciudadania   ,                         ,                           ,                                   , false                    ,                 , false           ,                    ,             , false       , false            ,                        , false                  , 965394                     , 2026-05-22 22:07:31.063, false             , false               ,                    ,               ,                       ,                                                        ,                 , false       , false           ,                 ,                     , nelsonh566@yahoo.com             ,                 , 
001421, 001300099600001421,                    96,                     3288, 0001-01-01            ,                    ,                         ,              ,                   ,                    , 2014-01-02          , A                   , OTRO                     ,                ,                      ,                  ,                 ,                           ,                 ,                 ,                 , ACTIVE     ,    07588438, 000000004457459,             1,                         0, JUAN ARBEY SALAZAR                                            , Cedula Ciudadania   ,                         ,                           ,                                   , false                    ,                 , false           ,                    ,             , false       , false            ,                        , false                  , 963288                     , 2026-05-22 22:07:31.063, false             , false               ,                    ,               ,                       ,                                                        ,                 , false       , false           ,                 ,                     , juan_salazar459@bbva.com.co      ,                 , 
001454, 001300099600001454,                    96,                     5234, 0001-01-01            ,                    ,                         ,              ,                   ,                    , 2014-01-16          , A                   , OTRO                     ,                ,                      ,                  ,                 ,                           ,                 ,                 ,                 , ACTIVE     ,    05681401, 000000075094741,             1,                         0, JAIME ANDRES MARIN MARTINEZ                                   , Cedula Ciudadania   ,                         ,                           ,                                   , false                    ,                 , false           ,                    ,             , false       , false            ,                        , false                  , 965234                     , 2026-05-22 22:07:31.063, false             , false               ,                    ,               ,                       ,                                                        ,                 , false       , false           ,                 ,                     , jaime_martinez741@outlook.com    ,                 , 
001629, 001300099600001629,                    96,                     3191, 0001-01-01            ,                    ,                         ,              ,                   ,                    , 2014-01-29          , A                   , ACTIVO                   ,                ,                      ,                  ,                 ,                           ,                 ,                 ,                 , ACTIVE     ,    06848639, 000001058818703,             1,                         0, SABRINA RIVERA GARCIA                                         , Cedula Ciudadania   ,                         ,                           ,                                   , false                    ,                 , true            ,                1080, 2023-05-25  , true        , false            ,                        , false                  , 963191                     , 2026-05-22 22:07:31.063, true              , false               ,                    ,               ,                       ,                                                        ,                 , false       , false           , 2029-04-23      ,                     , sabrina.garcia703@outlook.com    ,                 , 
001652, 001300099600001652,                    96,                     3191, 0001-01-01            ,                    ,                         ,              ,                   ,                    , 2014-01-22          , A                   , OTRO                     ,                ,                      ,                  ,                 ,                           ,                 ,                 ,                 , ACTIVE     ,    06146981, 000001053779500,             1,                         0, FREDERICK SOTO YARA                                           , Cedula Ciudadania   ,                         ,                           ,                                   , false                    ,                 , false           ,                    ,             , false       , false            ,                        , false                  , 963191                     , 2026-05-22 22:07:31.063, false             , false               ,                    ,               ,                       ,                                                        ,                 , false       , false           ,                 ,                     , fyara500@live.com                ,                 , 
001678, 001300099600001678,                    96,                     1307, 0001-01-01            ,                    ,                         ,              ,                   ,                    , 2014-02-18          , A                   , OTRO                     ,                ,                      ,                  ,                 ,                           ,                 ,                 ,                 , ACTIVE     ,    07812463, 000001053776839,             1,                         0, YULIANA ARBELAEZ CARDENAS                                     , Cedula Ciudadania   ,                         ,                           ,                                   , false                    ,                 , false           ,                    ,             , false       , false            ,                        , false                  , 961307                     , 2026-05-22 22:07:31.063, false             , false               ,                    ,               ,                       ,                                                        ,                 , false       , false           ,                 ,                     , yulianac839@icloud.com           ,                 , 
001728, 001300099600001728,                    96,                     5394, 0001-01-01            ,                    ,                         ,              ,                   ,                    , 2019-11-23          , A                   , OTRO                     ,                ,                      ,                  ,                 ,                           ,                 ,                 ,                 , ACTIVE     ,    03659696, 000000030335286,             1,                         0, ANDREA JULIANA HOYOS GONZALEZ                                 , Cedula Ciudadania   ,                         ,                           ,                                   , false                    ,                 , false           ,                    ,             , false       , false            ,                        , false                  , 965394                     , 2026-05-22 22:07:31.063, false             , false               ,                    ,               ,                       ,                                                        ,                 , false       , false           ,                 ,                     , andrea_gonzalez286@icloud.com    ,                 , 
001827, 001300099600001827,                    96,                     7128, 0001-01-01            ,                    ,                         ,              ,                   ,                    , 2014-08-02          , A                   , OTRO                     ,                ,                      ,                  ,                 ,                           ,                 ,                 ,                 , ACTIVE     ,    07818083, 000000075097144,             1,                         0, LEONARDO FABIO ARBELAEZ PATINO                                , Cedula Ciudadania   ,                         ,                           ,                                   , false                    ,                 , false           ,                    ,             , false       , false            ,                        , false                  , 967128                     , 2026-05-22 22:07:31.063, false             , false               ,                    ,               ,                       ,                                                        ,                 , false       , false           ,                 ,                     , lpatino144@outlook.com           ,                 , 
001843, 001300099600001843,                    96,                     3191, 0001-01-01            ,                    ,                         ,              ,                   ,                    , 2014-02-03          , A                   , ACTIVO                   ,                ,                      ,                  ,                 ,                           ,                 ,                 ,                 , ACTIVE     ,    07667553, 000001053794498,             1,                         0, FRANCIA LORENA MARULANDA CARDONA                              , Cedula Ciudadania   ,                         ,                           ,                                   , false                    ,                 , false           ,                  60, 2026-03-25  , true        , false            ,                        , false                  , 963191                     , 2026-05-22 22:07:31.063, false             , false               ,                    ,               ,                       ,                                                        ,                 , false       , false           , 2026-07-23      ,                     , francia.cardona498@protonmail.com,                 , 
001900, 001300099600001900,                    96,                     3191, 0001-01-01            ,                    ,                         ,              ,                   ,                    , 2014-02-03          , A                   , ACTIVO                   ,                ,                      ,                  ,                 ,                           ,                 ,                 ,                 , ACTIVE     ,    07667553, 000001053794498,             1,                         0, FRANCIA LORENA MARULANDA CARDONA                              , Cedula Ciudadania   ,                         ,                           ,                                   , false                    ,                 , false           ,                    ,             , false       , false            ,                        , false                  , 963191                     , 2026-05-22 22:07:31.063, false             , false               ,                    ,               ,                       ,                                                        ,                 , false       , false           ,                 ,                     , francia.cardona498@protonmail.com,                 , 
001959, 001300099600001959,                    96,                     5549, 0001-01-01            ,                    ,                         ,              ,                   ,                    , 2014-02-12          , A                   , OTRO                     ,                ,                      ,                  ,                 ,                           ,                 ,                 ,                 , ACTIVE     ,    07807275, 000000030233885,             1,                         0, BIBIANA CARDENAS ARBELAEZ                                     , Cedula Ciudadania   ,                         ,                           ,                                   , false                    ,                 , false           ,                    ,             , false       , false            ,                        , false                  , 965549                     , 2026-05-22 22:07:31.063, false             , false               ,                    ,               ,                       ,                                                        ,                 , false       , false           ,                 ,                     , bibianaa885@yahoo.com            ,                 , 
001967, 001300099600001967,                    96,                     7128, 0001-01-01            ,                    ,                         ,              ,                   ,                    , 2014-02-04          , 9                   , PROPUESTA                ,                ,                      ,                  ,                 ,                           ,                 ,                 ,                 , ACTIVE     ,    07818083, 000000075097144,             1,                         0, LEONARDO FABIO ARBELAEZ PATINO                                , Cedula Ciudadania   ,                         ,                           ,                                   , false                    ,                 , false           ,                    ,             , false       , false            ,                        , false                  , 967128                     , 2026-05-22 22:07:31.063, false             , false               ,                    ,               ,                       ,                                                        ,                 , false       , false           ,                 ,                     , lpatino144@outlook.com           ,                 , 
001991, 001300099600001991,                    96,                     5549, 0001-01-01            ,                    ,                         ,              ,                   ,                    , 2014-02-05          , A                   , OTRO                     ,                ,                      ,                  ,                 ,                           ,                 ,                 ,                 , ACTIVE     ,    07807275, 000000030233885,             1,                         0, BIBIANA CARDENAS ARBELAEZ                                     , Cedula Ciudadania   ,                         ,                           ,                                   , false                    ,                 , false           ,                    ,             , false       , false            ,                        , false                  , 965549                     , 2026-05-22 22:07:31.063, false             , false               ,                    ,               ,                       ,                                                        ,                 , false       , false           ,                 ,                     , bibianaa885@yahoo.com            ,                 , 
002007, 001300099600002007,                    96,                     5549, 0001-01-01            ,                    ,                         ,              ,                   ,                    , 2014-02-07          , 9                   , PROPUESTA                ,                ,                      ,                  ,                 ,                           ,                 ,                 ,                 , ACTIVE     ,    07807275, 000000030233885,             1,                         0, BIBIANA CARDENAS ARBELAEZ                                     , Cedula Ciudadania   ,                         ,                           ,                                   , false                    ,                 , false           ,                    ,             , false       , false            ,                        , false                  , 965549                     , 2026-05-22 22:07:31.063, false             , false               ,                    ,               ,                       ,                                                        ,                 , false       , false           ,                 ,                     , bibianaa885@yahoo.com            ,                 , 
002130, 001300099600002130,                    96,                     1567, 0001-01-01            ,                    ,                         ,              ,                   ,                    , 2014-02-08          , A                   , OTRO                     ,                ,                      ,                  ,                 ,                           ,                 ,                 ,                 , ACTIVE     ,    03824035, 000000010253115,             1,                         0, CESAR AUGUSTO PELAEZ RAMIREZ                                  , Cedula Ciudadania   ,                         ,                           ,                                   , false                    ,                 , false           ,                    ,             , false       , false            ,                        , false                  , 961567                     , 2026-05-22 22:07:31.063, false             , false               ,                    ,               ,                       ,                                                        ,                 , false       , false           ,                 ,                     , cesar.ramirez115@bbva.com.co     ,                 , 
002262, 001300099600002262,                    96,                     3127, 0001-01-01            ,                    ,                         ,              ,                   ,                    , 2019-11-23          , A                   , OTRO                     ,                ,                      ,                  ,                 ,                           ,                 ,                 ,                 , ACTIVE     ,    07851327, 000000075092209,             1,                         0, EDWIN HANEY PINZON RIVAS                                      , Cedula Ciudadania   ,                         ,                           ,                                   , false                    ,                 , false           ,                    ,             , false       , false            ,                        , false                  , 963127                     , 2026-05-22 22:07:31.063, false             , false               ,                    ,               ,                       ,                                                        ,                 , false       , false           ,                 ,                     , erivas209@gmail.com              ,                 , 
002288, 001300099600002288,                    96,                     5355, 0001-01-01            ,                    ,                         ,              ,                   ,                    , 2019-11-23          , A                   , OTRO                     ,                ,                      ,                  ,                 ,                           ,                 ,                 ,                 , ACTIVE     ,    05542358, 000000030397817,             1,                         0, SANDRA VIVIANA CORREA GIRALDO                                 , Cedula Ciudadania   ,                         ,                           ,                                   , false                    ,                 , false           ,                    ,             , false       , false            ,                        , false                  , 965355                     , 2026-05-22 22:07:31.063, false             , false               ,                    ,               ,                       ,                                                        ,                 , false       , false           ,                 ,                     , sandra.giraldo817@protonmail.com ,                 , 
002304, 001300099600002304,                    96,                     5571, 0001-01-01            ,                    ,                         ,              ,                   ,                    , 2019-11-23          , A                   , ACTIVO                   ,                ,                      ,                  ,                 ,                           ,                 ,                 ,                 , ACTIVE     ,    03128991, 000000075082771,             1,                         0, CARLOS ARTURO HUERTAS LOPEZ                                   , Cedula Ciudadania   ,                         ,                           ,                                   , false                    ,                 , true            ,                 480, 2025-05-25  , true        , false            ,                        , false                  , 965571                     , 2026-05-22 22:07:31.063, false             , false               ,                    ,               ,                       ,                                                        ,                 , false       , false           , 2028-01-10      ,                     , carlos.lopez771@live.com         ,                 , 
002312, 001300099600002312,                    96,                     2538, 0001-01-01            ,                    ,                         ,              ,                   ,                    , 2014-02-19          , A                   , ACTIVO                   ,                ,                      ,                  ,                 ,                           ,                 ,                 ,                 , ACTIVE     ,    07851843, 000000030373938,             1,                         0, ADRIANA MARIA ARIAS GALLEGO                                   , Cedula Ciudadania   ,                         ,                           ,                                   , false                    ,                 , true            ,                 480, 2025-05-25  , true        , false            ,                        , false                  , 962538                     , 2026-05-22 22:07:31.063, true              , false               ,                    ,               ,                       ,                                                        ,                 , false       , false           , 2028-01-10      ,                     , adrianag938@protonmail.com       ,                 , 
002320, 001300099600002320,                    96,                     5549, 0001-01-01            ,                    ,                         ,              ,                   ,                    , 2014-02-14          , A                   , ACTIVO                   ,                ,                      ,                  ,                 ,                           ,                 ,                 ,                 , ACTIVE     ,    00203498, 000000010283646,             1,                         0, XAVIER ALONSO BUITRAGO BONILLA                                , Cedula Ciudadania   , 2025-05-13              ,                       1234, BANCA INVERSIONES COMPRA CART. SAS, true                     ,                 , false           ,                    ,             , false       , false            ,                        , false                  , 965549                     , 2026-05-22 22:07:31.063, false             , false               ,                    ,               ,                       ,                                                        ,                 , false       , false           ,                 ,                     , xbonilla646@protonmail.com       ,                 , 
002429, 001300099600002429,                    96,                     1564, 0001-01-01            ,                    ,                         ,              ,                   ,                    , 2014-02-24          , A                   , ACTIVO                   ,                ,                      ,                  ,                 ,                           ,                 ,                 ,                 , ACTIVE     ,    07854192, 000000024338535,             1,                         0, KARLA JOHANNA GONZALEZ PEREZ                                  , Cedula Ciudadania   , 2026-03-30              ,                       1234, BANCA INVERSIONES COMPRA CART. SAS, true                     , 2026-04-30      , true            ,                    ,             , false       , false            ,                        , false                  , 961564                     , 2026-05-22 22:07:31.063, false             , false               ,                    ,               ,                       ,                                                        ,                 , false       , false           ,                 , 2036-04-30          , kperez535@hotmail.com            ,                 , 
002460, 001300099600002460,                    96,                     5549, 0001-01-01            ,                    ,                         ,              ,                   ,                    , 2019-11-23          , A                   , OTRO                     ,                ,                      ,                  ,                 ,                           ,                 ,                 ,                 , ACTIVE     ,    06970907, 000000034000290,             1,                         0, PAULA ANDREA PEREZ                                            , Cedula Ciudadania   ,                         ,                           ,                                   , false                    ,                 , false           ,                    ,             , false       , false            ,                        , false                  , 965549                     , 2026-05-22 22:07:31.063, false             , false               ,                    ,               ,                       ,                                                        ,                 , false       , false           ,                 ,                     , paula.perez290@yahoo.com         ,                 , 
350611, 001303505000761102,                      ,                         , 0001-01-01            ,                    ,                         ,              ,                   ,                    ,                     ,                     ,                          ,          492489, IR                   ,                  ,                 ,                           ,                 ,                 ,                 , TDC        ,    12546566, 000000000185674,             5,                         0, JUAN ANTONIO SALGADO SALGADO                                  , Pasaporte           ,                         ,                           ,                                   , false                    ,                 , false           ,                    ,             , false       , false            ,                        , false                  ,                            , 2026-05-22 22:13:07.533, false             , false               ,                    ,               ,                       ,                                                        ,                 , false       , false           ,                 ,                     , jsalgado674@icloud.com           ,                 , 
391009, 001303915001100988,                      ,                         , 0001-01-01            ,                    ,                         ,              ,                   ,                    ,                     ,                     ,                          ,          492489, IR                   ,                  ,                 ,                           ,                 ,                 ,                 , TDC        ,    02303677, 000000000206865,             2,                         0, JOEL DOGLIONI                                                 , Cedula Extranjeria  ,                         ,                           ,                                   , false                    ,                 , false           ,                    ,             , false       , false            ,                        , false                  ,                            , 2026-05-22 22:13:07.533, false             , false               ,                    ,               ,                       ,                                                        ,                 , false       , false           ,                 ,                     , joeld865@hotmail.com             ,                 , 
627212, 001306275000921216,                      ,                         , 0001-01-01            ,                    ,                         ,              ,                   ,                    ,                     ,                     ,                          ,          404280, N1                   ,                  ,                 ,                           ,                 ,                 ,                 , TDC        ,    12683586, 000000000241793,             2,                         0, ANDREA FABIANA HAEDO                                          , Cedula Extranjeria  ,                         ,                           ,                                   , false                    ,                 , false           ,                    ,             , false       , false            ,                        , false                  ,                            , 2026-05-22 22:13:07.533, false             , false               ,                    ,               ,                       ,                                                        ,                 , false       , false           ,                 ,                     , andrea.f.haedo793@icloud.com     ,                 , 
187512, 001301875000951231,                      ,                         , 0001-01-01            ,                    ,                         ,              ,                   ,                    ,                     ,                     ,                          ,          404280, N1                   ,                  ,                 ,                           ,                 ,                 ,                 , TDC        ,    01961926, 000000000250714,             2,                         0, LUIS ANTONIO VEGA PILCO                                       , Cedula Extranjeria  ,                         ,                           ,                                   , false                    ,                 , false           ,                    ,             , false       , false            ,                        , false                  ,                            , 2026-05-22 22:13:07.533, false             , false               ,                    ,               ,                       ,                                                        ,                 , false       , false           ,                 ,                     , lpilco714@live.com               ,                 , 
479038, 001304795001403809,                      ,                         , 0001-01-01            ,                    ,                         ,              ,                   ,                    ,                     ,                     ,                          ,          404280, NY                   , 2025-11-27       ,                 ,                           ,                 ,                 ,                 , TDC        ,    00881979, 000000000252876,             2,                         0, RITA DEL CARMEN DAVILA JIJON                                  , Cedula Extranjeria  ,                         ,                           ,                                   , false                    ,                 , false           ,                    ,             , false       , false            ,                        , false                  ,                            , 2026-05-22 22:13:07.533, false             , false               ,                    ,               ,                       ,                                                        ,                 , false       , false           ,                 ,                     , rita_jijon876@hotmail.com        ,                 , 
158021, 001301585016102149,                      ,                         , 0001-01-01            ,                    ,                         ,              ,                   ,                    ,                     ,                     ,                          ,          404280, N1                   ,                  ,                 ,                           ,                 ,                 ,                 , TDC        ,    14605920, 000000000255565,             1,                         0, JAIRO ENRIQUE TORRES SOLER                                    , Cedula Ciudadania   ,                         ,                           ,                                   , false                    ,                 , false           ,                    ,             , false       , false            ,                        , false                  ,                            , 2026-05-22 22:13:07.533, false             , false               ,                    ,               ,                       ,                                                        ,                 , false       , false           ,                 ,                     , jsoler565@hotmail.com            ,                 , 
066381, 001300665000738139,                      ,                         , 0001-01-01            ,                    ,                         ,              ,                   ,                    ,                     ,                     ,                          ,          450407, HW                   ,                  ,                 ,                           ,                 ,                 ,                 , TDC        ,    12202815, 000000000261823,             1,                         0, HECTOR HERNAN BEJARANO BELTRAN                                , Cedula Ciudadania   ,                         ,                           ,                                   , false                    ,                 , false           ,                    ,             , false       , false            ,                        , false                  ,                            , 2026-05-22 22:13:07.533, false             , false               ,                    ,               ,                       ,                                                        ,                 , false       , false           ,                 ,                     , hbeltran823@bbva.com.co          ,                 , 
323744, 001303235001774470,                      ,                         , 0001-01-01            ,                    ,                         ,              ,                   ,                    ,                     ,                     ,                          ,          404280, N1                   ,                  ,                 ,                           ,                 ,                 ,                 , TDC        ,    08452569, 000000000276506,             2,                         0, EDWIN RAUL DIAZ MALDONADO                                     , Cedula Extranjeria  ,                         ,                           ,                                   , false                    ,                 , false           ,                    ,             , false       , false            ,                        , false                  ,                            , 2026-05-22 22:13:07.533, false             , false               ,                    ,               ,                       ,                                                        ,                 , false       , false           ,                 ,                     , emaldonado506@live.com           ,                 , 
362158, 001303625001615824,                      ,                         , 0001-01-01            ,                    ,                         ,              ,                   ,                    ,                     ,                     ,                          ,          492489, IR                   ,                  ,                 ,                           ,                 ,                 ,                 , TDC        ,    00014978, 000000000281744,             1,                         0, ALVARO PENA ALFONSO                                           , Cedula Ciudadania   ,                         ,                           ,                                   , false                    ,                 , false           ,                    ,             , false       , false            ,                        , false                  ,                            , 2026-05-22 22:13:07.533, false             , false               ,                    ,               ,                       ,                                                        ,                 , false       , false           ,                 ,                     , alvaro.alfonso744@live.com       ,                 , 
863669, 001308635000566972,                      ,                         , 0001-01-01            ,                    ,                         ,              ,                   ,                    ,                     ,                     ,                          ,          553643, 61                   ,                  ,                 ,                           ,                 ,                 ,                 , TDC        ,    10398434, 000000000289805,             2,                         0, DONGMEI CHEN                                                  , Cedula Extranjeria  ,                         ,                           ,                                   , false                    ,                 , false           ,                    ,             , false       , false            ,                        , false                  ,                            , 2026-05-22 22:13:07.533, false             , false               ,                    ,               ,                       ,                                                        ,                 , false       , false           ,                 ,                     , dongmei_chen805@yahoo.com        ,                 , 
158154, 001301585015315445,                      ,                         , 0001-01-01            ,                    ,                         ,              ,                   ,                    ,                     ,                     ,                          ,          404280, N1                   ,                  ,                 ,                           ,                 ,                 ,                 , TDC        ,    12769909, 000000000308897,             2,                         0, LUIS VELASQUEZ VERA                                           , Cedula Extranjeria  ,                         ,                           ,                                   , false                    ,                 , false           ,                    ,             , false       , false            ,                        , false                  ,                            , 2026-05-22 22:13:07.533, false             , false               ,                    ,               ,                       ,                                                        ,                 , false       , false           ,                 ,                     , luis.v.vera897@gmail.com         ,                 , 
904291, 001309045001729117,                      ,                         , 0001-01-01            ,                    ,                         ,              ,                   ,                    ,                     ,                     ,                          ,          492489, IR                   ,                  ,                 ,                           ,                 ,                 ,                 , TDC        ,    09787146, 000000000331341,             2,                         0, FRANCISCO ORDAZ URRUTIA                                       , Cedula Extranjeria  ,                         ,                           ,                                   , false                    ,                 , false           ,                    ,             , false       , false            ,                        , false                  ,                            , 2026-05-22 22:13:07.533, false             , false               ,                    ,               ,                       ,                                                        ,                 , false       , false           ,                 ,                     , franciscou341@protonmail.com     ,                 , 
393433, 001303935000543350,                      ,                         , 0001-01-01            ,                    ,                         ,              ,                   ,                    ,                     ,                     ,                          ,          450407, HW                   ,                  ,                 ,                           ,                 ,                 ,                 , TDC        ,    03684709, 000000000334823,             1,                         0, MAURICIO CRUZ ROMERO                                          , Cedula Ciudadania   ,                         ,                           ,                                   , false                    ,                 , false           ,                    ,             , false       , false            ,                        , false                  ,                            , 2026-05-22 22:13:07.533, false             , false               ,                    ,               ,                       ,                                                        ,                 , false       , false           ,                 ,                     , mauricior823@bbva.com.co         ,                 , 
510011, 001305105000801152,                      ,                         , 0001-01-01            ,                    ,                         ,              ,                   ,                    ,                     ,                     ,                          ,          553643, 61                   ,                  ,                 ,                           ,                 ,                 ,                 , TDC        ,    08736389, 000000000339404,             2,                         0, BERTA PILAR ALVAREZ PEREZ                                     , Cedula Extranjeria  ,                         ,                           ,                                   , false                    ,                 , false           ,                    ,             , false       , false            ,                        , false                  ,                            , 2026-05-22 22:13:07.533, false             , false               ,                    ,               ,                       ,                                                        ,                 , false       , false           ,                 ,                     , berta.p.perez404@outlook.com     ,                 , 
642861, 001306425000686182,                      ,                         , 0001-01-01            ,                    ,                         ,              ,                   ,                    ,                     ,                     ,                          ,          492489, IR                   ,                  ,                 ,                           ,                 ,                 ,                 , TDC        ,    06101972, 000000000346004,             2,                         0, SANTOS GARCIA SANCHEZ                                         , Cedula Extranjeria  ,                         ,                           ,                                   , false                    ,                 , false           ,                    ,             , false       , false            ,                        , false                  ,                            , 2026-05-22 22:13:07.533, false             , false               ,                    ,               ,                       ,                                                        ,                 , false       , false           ,                 ,                     , ssanchez004@live.com             ,                 , 
047511, 001300475000551148,                      ,                         , 0001-01-01            ,                    ,                         ,              ,                   ,                    ,                     ,                     ,                          ,          518761, KS                   ,                  ,                 ,                           ,                 ,                 ,                 , TDC        ,    00016166, 000000000347806,             1,                         0, ARMANDO DIMATE DIAZ                                           , Cedula Ciudadania   ,                         ,                           ,                                   , false                    ,                 , false           ,                    ,             , false       , false            ,                        , false                  ,                            , 2026-05-22 22:13:07.533, false             , false               ,                    ,               ,                       ,                                                        ,                 , false       , false           ,                 ,                     , adiaz806@outlook.com             ,                 , 
710779, 001317105003077907,                      ,                         , 0001-01-01            ,                    ,                         ,              ,                   ,                    ,                     ,                     ,                          ,          450407, VD                   ,                  ,                 ,                           ,                 ,                 ,                 , TDC        ,    06467380, 000000000351343,             1,                         0, JOSE ERNESTO LOPEZ                                            , Cedula Ciudadania   ,                         ,                           ,                                   , false                    ,                 , false           ,                    ,             , false       , false            ,                        , false                  ,                            , 2026-05-22 22:13:07.533, false             , false               ,                    ,               ,                       ,                                                        ,                 , false       , false           ,                 ,                     , jose.lopez343@hotmail.com        ,                 , 
241707, 001302415000470772,                      ,                         , 0001-01-01            ,                    ,                         ,              ,                   ,                    ,                     ,                     ,                          ,          553643, 61                   , 2025-02-17       ,                 ,                           ,                 ,                 ,                 , TDC        ,    08241415, 000000000355642,             2,                         0, MAURO ANDRES TROSSERO                                         , Cedula Extranjeria  ,                         ,                           ,                                   , false                    ,                 , false           ,                    ,             , false       , false            ,                        , false                  ,                            , 2026-05-22 22:13:07.533, false             , false               ,                    ,               ,                       ,                                                        ,                 , false       , false           ,                 ,                     , mtrossero642@live.com            ,                 , 
418896, 001304185001089669,                      ,                         , 0001-01-01            ,                    ,                         ,              ,                   ,                    ,                     ,                     ,                          ,          548115, 72                   ,                  ,                 ,                           ,                 ,                 ,                 , TDC        ,    10182988, 000000000360542,             2,                         0, ENRIQUE ANDRES MORATA SILVA                                   , Cedula Extranjeria  ,                         ,                           ,                                   , false                    ,                 , false           ,                    ,             , false       , false            ,                        , false                  ,                            , 2026-05-22 22:13:07.533, false             , false               ,                    ,               ,                       ,                                                        ,                 , false       , false           ,                 ,                     , enrique.silva542@bbva.com.co     ,                 , 
047781, 001300475000578182,                      ,                         , 0001-01-01            ,                    ,                         ,              ,                   ,                    ,                     ,                     ,                          ,          450407, HW                   ,                  ,                 ,                           ,                 ,                 ,                 , TDC        ,    06635925, 000000000365826,             2,                         0, CARLOS OMAR ROJAS SANCHEZ                                     , Cedula Extranjeria  ,                         ,                           ,                                   , false                    ,                 , false           ,                    ,             , false       , false            ,                        , false                  ,                            , 2026-05-22 22:13:07.533, false             , false               ,                    ,               ,                       ,                                                        ,                 , false       , false           ,                 ,                     , carloss826@hotmail.com           ,                 , 
158372, 001301585017737240,                      ,                         , 0001-01-01            ,                    ,                         ,              ,                   ,                    ,                     ,                     ,                          ,          492489, IR                   ,                  ,                 ,                           ,                 ,                 ,                 , TDC        ,    07221500, 000000000370672,             2,                         0, BENJAMIN CASTRO CUESTA                                        , Cedula Extranjeria  ,                         ,                           ,                                   , false                    ,                 , false           ,                    ,             , false       , false            ,                        , false                  ,                            , 2026-05-22 22:13:07.533, false             , false               ,                    ,               ,                       ,                                                        ,                 , false       , false           ,                 ,                     , bcuesta672@gmail.com             ,                 , 
317621, 001303175000862118,                      ,                         , 0001-01-01            ,                    ,                         ,              ,                   ,                    ,                     ,                     ,                          ,          450407, HW                   ,                  ,                 ,                           ,                 ,                 ,                 , TDC        ,    08678916, 000000000374752,             2,                         0, SANDRA LUZ PARADA PALOMINO                                    , Cedula Extranjeria  ,                         ,                           ,                                   , false                    ,                 , false           ,                    ,             , false       , false            ,                        , false                  ,                            , 2026-05-22 22:13:07.533, false             , false               ,                    ,               ,                       ,                                                        ,                 , false       , false           ,                 ,                     , sandra.palomino752@hotmail.com   ,                 , 
334410, 001303345000541067,                      ,                         , 0001-01-01            ,                    ,                         ,              ,                   ,                    ,                     ,                     ,                          ,          492489, IR                   ,                  ,                 ,                           ,                 ,                 ,                 , TDC        ,    07226649, 000000000375166,             2,                         0, RAMON OSCAR QUINTERO                                          , Cedula Extranjeria  ,                         ,                           ,                                   , false                    ,                 , false           ,                    ,             , false       , false            ,                        , false                  ,                            , 2026-05-22 22:13:07.533, false             , false               ,                    ,               ,                       ,                                                        ,                 , false       , false           ,                 ,                     , ramon.o.quintero166@icloud.com   ,                 , 
158799, 001301585017079981,                      ,                         , 0001-01-01            ,                    ,                         ,              ,                   ,                    ,                     ,                     ,                          ,          492489, IR                   ,                  ,                 ,                           ,                 ,                 ,                 , TDC        ,    10345466, 000000000381408,             2,                         0, GABRIELA ZORE RANOWSKY GONZALEZ                               , Cedula Extranjeria  ,                         ,                           ,                                   , false                    ,                 , false           ,                    ,             , false       , false            ,                        , false                  ,                            , 2026-05-22 22:13:07.533, false             , false               ,                    ,               ,                       ,                                                        ,                 , false       , false           ,                 ,                     , gabriela.z.gonzalez408@yahoo.com ,                 , 
094099, 001300945002009923,                      ,                         , 0001-01-01            ,                    ,                         ,              ,                   ,                    ,                     ,                     ,                          ,          450408, IY                   ,                  ,                 ,                           ,                 ,                 ,                 , TDC        ,    02250330, 000000000385715,             1,                         0, FLAMINIO HUERFANO PINEROS                                     , Cedula Ciudadania   ,                         ,                           ,                                   , false                    ,                 , false           ,                    ,             , false       , false            ,                        , false                  ,                            , 2026-05-22 22:13:07.533, false             , false               ,                    ,               ,                       ,                                                        ,                 , false       , false           ,                 ,                     , flaminio_pineros715@live.com     ,                 , 
518927, 001305185000892708,                      ,                         , 0001-01-01            ,                    ,                         ,              ,                   ,                    ,                     ,                     ,                          ,          404280, N1                   , 2022-11-10       ,                 ,                           ,                 ,                 ,                 , TDC        ,    09284397, 000000000387042,             2,                         0, ANGEL FERNANDEZ MANSILLA                                      , Cedula Extranjeria  ,                         ,                           ,                                   , false                    ,                 , false           ,                    ,             , false       , false            ,                        , false                  ,                            , 2026-05-22 22:13:07.533, false             , false               ,                    ,               ,                       ,                                                        ,                 , false       , false           ,                 ,                     , angelm042@icloud.com             ,                 , 
619623, 001306195000062383,                      ,                         , 0001-01-01            ,                    ,                         ,              ,                   ,                    ,                     ,                     ,                          ,          492489, IR                   ,                  ,                 ,                           ,                 ,                 ,                 , TDC        ,    08746837, 000000000387189,             2,                         0, SEBASTIAN ANGEL DECOUD                                        , Cedula Extranjeria  ,                         ,                           ,                                   , false                    ,                 , false           ,                    ,             , false       , false            ,                        , false                  ,                            , 2026-05-22 22:13:07.533, false             , false               ,                    ,               ,                       ,                                                        ,                 , false       , false           ,                 ,                     , sebastian.a.decoud189@hotmail.com,                 , 
781774, 001307815000077482,                      ,                         , 0001-01-01            ,                    ,                         ,              ,                   ,                    ,                     ,                     ,                          ,          492489, IR                   ,                  ,                 ,                           ,                 ,                 ,                 , TDC        ,    07311556, 000000000388018,             2,                         0, CLAUDIO NORBERTO PALACIOS                                     , Cedula Extranjeria  ,                         ,                           ,                                   , false                    ,                 , false           ,                    ,             , false       , false            ,                        , false                  ,                            , 2026-05-22 22:13:07.533, false             , false               ,                    ,               ,                       ,                                                        ,                 , false       , false           ,                 ,                     , claudio_palacios018@outlook.com  ,                 , 
158464, 001301585016846497,                      ,                         , 0001-01-01            ,                    ,                         ,              ,                   ,                    ,                     ,                     ,                          ,          492489, IR                   ,                  ,                 ,                           ,                 ,                 ,                 , TDC        ,    07527285, 000000000389372,             2,                         0, JORGE ALBERTO FLORES                                          , Cedula Extranjeria  ,                         ,                           ,                                   , false                    ,                 , false           ,                    ,             , false       , false            ,                        , false                  ,                            , 2026-05-22 22:13:07.533, false             , false               ,                    ,               ,                       ,                                                        ,                 , false       , false           ,                 ,                     , jorge_flores372@protonmail.com   ,                 , 
158480, 001301585016848071,                      ,                         , 0001-01-01            ,                    ,                         ,              ,                   ,                    ,                     ,                     ,                          ,          492489, IR                   ,                  ,                 ,                           ,                 ,                 ,                 , TDC        ,    07527285, 000000000389372,             2,                         0, JORGE ALBERTO FLORES                                          , Cedula Extranjeria  ,                         ,                           ,                                   , false                    ,                 , false           ,                    ,             , false       , false            ,                        , false                  ,                            , 2026-05-22 22:13:07.533, false             , false               ,                    ,               ,                       ,                                                        ,                 , false       , false           ,                 ,                     , jorge_flores372@protonmail.com   ,                 , 
001723, 001305580100001723,                    01,                     0001, 1957-11-15            , A                  , ACTIVA                  , 0            , SIN BLOQUEO       , S                  ,                     ,                     ,                          ,                ,                      ,                  ,                 ,                           ,                 ,                 ,                 , PASIVE     ,    00168585, 000000008222303,             1,                         0, OVIDIO MEDINA                                                 , Cedula Ciudadania   ,                         ,                           ,                                   , false                    ,                 , false           ,                    ,             , false       , false            ,                        , false                  , 010001                     , 2026-05-22 21:57:14.523, false             , false               ,                    ,               ,                       ,                                                        ,                 , false       , false           ,                 ,                     , ovidio.medina303@outlook.com     ,                 , 
456684, 001305580100456684,                    01,                     0001, 1958-02-21            , A                  , ACTIVA                  , 0            , SIN BLOQUEO       , M                  ,                     ,                     ,                          ,                ,                      ,                  ,                 ,                           ,                 ,                 ,                 , PASIVE     ,    00456821, 000000006548760,             1,                         0, PEPITO PEREZ                                                  , Cedula Ciudadania   ,                         ,                           ,                                   , false                    ,                 , false           ,                    ,             , false       , false            ,                        , false                  ,                            , 2026-05-22 21:57:14.523, false             , false               ,                    ,               ,                       ,                                                        ,                 ,             ,                 ,                 ,                     ,                                  ,                 , 
212536, 001306400100212536,                    01,                     0001, 1918-10-31            , A                  , ACTIVA                  , 0            , SIN BLOQUEO       , M                  ,                     ,                     ,                          ,                ,                      ,                  ,                 ,                           ,                 ,                 ,                 , PASIVE     ,    01214447, 000000004442917,             1,                         0, HECTOR HELI GIRALDO MONTES                                    , Cedula Ciudadania   ,                         ,                           ,                                   , false                    ,                 , false           ,                    ,             , false       , false            ,                        , false                  , 010001                     , 2026-05-22 21:57:14.523, false             , false               ,                    ,               ,                       ,                                                        ,                 , false       , false           ,                 ,                     , hector_montes917@yahoo.com       ,                 , 
105840, 001301340100105840,                    01,                     0001, 1956-01-01            , A                  , ACTIVA                  , 0            , SIN BLOQUEO       , M                  ,                     ,                     ,                          ,                ,                      ,                  ,                 ,                           ,                 ,                 ,                 , PASIVE     ,    00075507, 000000003249034,             1,                         0, CARLOS EDUARDO HUERTAS CASTANEDA                              , Cedula Ciudadania   ,                         ,                           ,                                   , false                    ,                 , false           ,                    ,             , false       , false            ,                        , false                  , 010001                     , 2026-05-22 21:57:14.523, false             , false               ,                    ,               ,                       ,                                                        ,                 , false       , false           ,                 ,                     , ccastaneda034@bbva.com.co        ,                 , 
013105, 001309400200013105,                    02,                     0002, 1956-01-01            , C                  , CANCELADA               , 0            , SIN BLOQUEO       , S                  ,                     ,                     ,                          ,                ,                      ,                  ,                 ,                           ,                 ,                 ,                 , PASIVE     ,    00111964, 000000005091425,             1,                         0, PEDRO EMILIO SANTANA CONTRERAS                                , Cedula Ciudadania   ,                         ,                           ,                                   , false                    ,                 , false           ,                    ,             , false       , false            ,                        , false                  , 020002                     , 2026-05-22 21:57:14.523, false             , false               ,                    ,               ,                       ,                                                        ,                 , false       , false           ,                 ,                     , pedro.contreras425@protonmail.com,                 , 
163003, 001300520100163003,                    01,                     0001, 1956-01-01            , C                  , CANCELADA               , 0            , SIN BLOQUEO       , S                  ,                     ,                     ,                          ,                ,                      ,                  ,                 ,                           ,                 ,                 ,                 , PASIVE     ,    00173575, 000000008386712,             1,                         0, JESUS ANTONIO LOPERA LOPERA                                   , Cedula Ciudadania   ,                         ,                           ,                                   , false                    ,                 , false           ,                    ,             , false       , false            ,                        , false                  , 010001                     , 2026-05-22 21:57:14.523, false             , false               ,                    ,               ,                       ,                                                        ,                 , false       , false           ,                 ,                     , jesus.a.lopera712@outlook.com    ,                 , 
098623, 001301340100098623,                    01,                     0001, 1956-01-01            , A                  , ACTIVA                  , 0            , SIN BLOQUEO       , M                  ,                     ,                     ,                          ,                ,                      ,                  ,                 ,                           ,                 ,                 ,                 , PASIVE     ,    01837593, 000000010099396,             1,                         0, SILVIO RAMIREZ CARDENAS                                       , Cedula Ciudadania   ,                         ,                           ,                                   , false                    ,                 , false           ,                    ,             , false       , false            ,                        , false                  , 010001                     , 2026-05-22 21:57:14.523, false             , false               ,                    ,               ,                       ,                                                        ,                 , false       , false           ,                 ,                     , silvioc396@hotmail.com           ,                 , 
069772, 001301340100069772,                    01,                     0001, 1956-01-01            , A                  , ACTIVA                  , 0            , SIN BLOQUEO       , M                  ,                     ,                     ,                          ,                ,                      ,                  ,                 ,                           ,                 ,                 ,                 , PASIVE     ,    01837581, 000000017132404,             1,                         0, LUIS RODRIGUEZ OSORIO                                         , Cedula Ciudadania   ,                         ,                           ,                                   , false                    ,                 , false           ,                    ,             , false       , false            ,                        , false                  , 010001                     , 2026-05-22 21:57:14.523, false             , false               ,                    ,               ,                       ,                                                        ,                 , false       , false           ,                 ,                     , luis.osorio404@hotmail.com       ,                 , 
106160, 001301340100106160,                    01,                     0001, 1956-01-01            , C                  , CANCELADA               , 0            , SIN BLOQUEO       , N                  ,                     ,                     ,                          ,                ,                      ,                  ,                 ,                           ,                 ,                 ,                 , PASIVE     ,    00340450, 000000019192702,             1,                         0, PEDRO JESUS SANDOVAL ORTIZ                                    , Cedula Ciudadania   ,                         ,                           ,                                   , false                    ,                 , false           ,                    ,             , false       , false            ,                        , false                  , 010001                     , 2026-05-22 21:57:14.523, false             , false               ,                    ,               ,                       ,                                                        ,                 , false       , false           ,                 ,                     , portiz702@icloud.com             ,                 , 
039395, 001300920100039395,                    01,                     0001, 1956-01-01            , C                  , CANCELADA               , 0            , SIN BLOQUEO       , S                  ,                     ,                     ,                          ,                ,                      ,                  ,                 ,                           ,                 ,                 ,                 , PASIVE     ,    00535465, 000000032667108,             1,                         0, CARMEN CECILIA DIAZ GRANADOS TORRES                           , Cedula Ciudadania   ,                         ,                           ,                                   , false                    ,                 , false           ,                    ,             , false       , false            ,                        , false                  , 010001                     , 2026-05-22 21:57:14.523, false             , false               ,                    ,               ,                       ,                                                        ,                 , false       , false           ,                 ,                     , carmen.c.torres108@outlook.com   ,                 , 
105097, 001301340100105097,                    01,                     0001, 1956-01-01            , A                  , ACTIVA                  , 0            , SIN BLOQUEO       , M                  ,                     ,                     ,                          ,                ,                      ,                  ,                 ,                           ,                 ,                 ,                 , PASIVE     ,    01837601, 000000071240001,             1,                         0, JOEL ZULUAGA BOTERO                                           , Cedula Ciudadania   ,                         ,                           ,                                   , false                    ,                 , false           ,                    ,             , false       , false            ,                        , false                  , 010001                     , 2026-05-22 21:57:14.523, false             , false               ,                    ,               ,                       ,                                                        ,                 , false       , false           ,                 ,                     , joelb001@icloud.com              ,                 , 
066541, 001309400100066541,                    01,                     0001, 1956-01-01            , C                  , CANCELADA               , 0            , SIN BLOQUEO       , S                  ,                     ,                     ,                          ,                ,                      ,                  ,                 ,                           ,                 ,                 ,                 , PASIVE     ,    00779290, 000000077030466,             1,                         0, JAIME BERKELEY GAMEZ                                          , Cedula Ciudadania   ,                         ,                           ,                                   , false                    ,                 , false           ,                    ,             , false       , false            ,                        , false                  , 010001                     , 2026-05-22 21:57:14.523, false             , false               ,                    ,               ,                       ,                                                        ,                 , false       , false           ,                 ,                     , jaimeg466@icloud.com             ,                 , 
162829, 001301970100162829,                    01,                     0001, 1956-01-01            , C                  , CANCELADA               , 0            , SIN BLOQUEO       , N                  ,                     ,                     ,                          ,                ,                      ,                  ,                 ,                           ,                 ,                 ,                 , PASIVE     ,    00857192, 000000091258524,             1,                         0, JUAN PABLO CABANZO LOPEZ                                      , Cedula Ciudadania   ,                         ,                           ,                                   , false                    ,                 , false           ,                    ,             , false       , false            ,                        , false                  , 010001                     , 2026-05-22 21:57:14.523, false             , false               ,                    ,               ,                       ,                                                        ,                 , false       , false           ,                 ,                     , jlopez524@outlook.com            ,                 , 
270747, 001301970100270747,                    01,                     0001, 1956-01-01            , C                  , CANCELADA               , 0            , SIN BLOQUEO       , S                  ,                     ,                     ,                          ,                ,                      ,                  ,                 ,                           ,                 ,                 ,                 , PASIVE     ,    00859704, 000000091340158,             1,                         0, RAIMUNDO DUARTE DIAZ                                          , Cedula Ciudadania   ,                         ,                           ,                                   , false                    ,                 , false           ,                    ,             , false       , false            ,                        , false                  , 010001                     , 2026-05-22 21:57:14.523, false             , false               ,                    ,               ,                       ,                                                        ,                 , false       , false           ,                 ,                     , rdiaz158@hotmail.com             ,                 , 
057429, 001300520100057429,                    01,                     0001, 1956-01-01            , C                  , CANCELADA               , 0            , SIN BLOQUEO       , S                  ,                     ,                     ,                          ,                ,                      ,                  ,                 ,                           ,                 ,                 ,                 , PASIVE     ,    00886493, 000000800021137,             3,                         2, AGRICOLA SARA PALMA S A                                       , Nit Persona Juridica,                         ,                           ,                                   , false                    ,                 , false           ,                    ,             , false       , false            ,                        , false                  , 010001                     , 2026-05-22 21:57:14.523, false             , false               ,                    ,               ,                       ,                                                        ,                 , false       , false           ,                 ,                     , aa137@protonmail.com             ,                 , 
104165, 001301340100104165,                    01,                     0001, 1956-01-01            , C                  , CANCELADA               , 0            , SIN BLOQUEO       , N                  ,                     ,                     ,                          ,                ,                      ,                  ,                 ,                           ,                 ,                 ,                 , PASIVE     ,    00925960, 000000800231346,             3,                         6, SISTEMATICA RODRIGUE Z ARIAS Y CI  S EN C .                   , Nit Persona Juridica,                         ,                           ,                                   , false                    ,                 , false           ,                    ,             , false       , false            ,                        , false                  , 010001                     , 2026-05-22 21:57:14.523, false             , false               ,                    ,               ,                       ,                                                        ,                 , false       , false           ,                 ,                     , sistematica346@hotmail.com       ,                 , 
032935, 001309380100032935,                    01,                     0001, 1956-01-01            , C                  , CANCELADA               , 0            , SIN BLOQUEO       , S                  ,                     ,                     ,                          ,                ,                      ,                  ,                 ,                           ,                 ,                 ,                 , PASIVE     ,    00995431, 000000892399999,             3,                         1, DEPARTAMENTO DEL CES AR                                       , Nit Persona Juridica,                         ,                           ,                                   , false                    ,                 , false           ,                    ,             , false       , false            ,                        , false                  , 010001                     , 2026-05-22 21:57:14.523, false             , false               ,                    ,               ,                       ,                                                        ,                 , false       , false           ,                 ,                     , dar999@protonmail.com            ,                 , 
142320, 001309380100142320,                    01,                     0001, 1956-01-01            , C                  , CANCELADA               , 0            , SIN BLOQUEO       , S                  ,                     ,                     ,                          ,                ,                      ,                  ,                 ,                           ,                 ,                 ,                 , PASIVE     ,    00995431, 000000892399999,             3,                         1, DEPARTAMENTO DEL CES AR                                       , Nit Persona Juridica,                         ,                           ,                                   , false                    ,                 , false           ,                    ,             , false       , false            ,                        , false                  , 010001                     , 2026-05-22 21:57:14.523, false             , false               ,                    ,               ,                       ,                                                        ,                 , false       , false           ,                 ,                     , dar999@protonmail.com            ,                 , 
025272, 001309250200025272,                    02,                     0002, 1956-01-01            , A                  , ACTIVA                  , 0            , SIN BLOQUEO       , M                  ,                     ,                     ,                          ,                ,                      ,                  ,                 ,                           ,                 ,                 ,                 , PASIVE     ,    01840562, 000007979163797,             1,                         0, CEDULA SIN NOMBRE                                             , Cedula Ciudadania   ,                         ,                           ,                                   , false                    ,                 , false           ,                    ,             , false       , false            ,                        , false                  , 020002                     , 2026-05-22 21:57:14.523, false             , false               ,                    ,               ,                       ,                                                        ,                 , false       , false           ,                 ,                     ,                                  ,                 , 
149994, 001308390100149994,                    01,                     0001, 1956-01-01            , A                  , ACTIVA                  , 0            , SIN BLOQUEO       , T                  ,                     ,                     ,                          ,                ,                      ,                  ,                 ,                           ,                 ,                 ,                 , PASIVE     ,    01837920, 002222222222200,             1,                         0, CLIENTES CONTROL CUENTAS                                      , Cedula Ciudadania   ,                         ,                           ,                                   , false                    ,                 , false           ,                    ,             , false       , false            ,                        , false                  , 010001                     , 2026-05-22 21:57:14.523, false             , false               ,                    ,               ,                       ,                                                        ,                 , false       , false           ,                 ,                     ,                                  ,                 , 
666665, 001300870100666665,                    01,                     0001, 1956-01-01            , A                  , ACTIVA                  , 0            , SIN BLOQUEO       , M                  ,                     ,                     ,                          ,                ,                      ,                  ,                 ,                           ,                 ,                 ,                 , PASIVE     ,    01837641, 006666666666600,             1,                         0, EMBARGADAS CUENTAS                                            , Cedula Ciudadania   ,                         ,                           ,                                   , false                    ,                 , false           ,                    ,             , false       , false            ,                        , false                  , 010001                     , 2026-05-22 21:57:14.523, false             , false               ,                    ,               ,                       ,                                                        ,                 , false       , false           ,                 ,                     ,                                  ,                 , 
005578, 001301260100005578,                    01,                     0001, 1956-03-10            , C                  , CANCELADA               , 0            , SIN BLOQUEO       , N                  ,                     ,                     ,                          ,                ,                      ,                  ,                 ,                           ,                 ,                 ,                 , PASIVE     ,    00064002, 000000002867164,             1,                         0, LUIS EDUARDO FLOREZ HERNANDEZ                                 , Cedula Ciudadania   ,                         ,                           ,                                   , false                    ,                 , false           ,                    ,             , false       , false            ,                        , false                  , 010001                     , 2026-05-22 21:57:14.523, false             , false               ,                    ,               ,                       ,                                                        ,                 , false       , false           ,                 ,                     , luis_hernandez164@hotmail.com    ,                 , 
023361, 001307240100023361,                    01,                     0001, 1956-04-27            , A                  , ACTIVA                  , 0            , SIN BLOQUEO       , M                  ,                     ,                     ,                          ,                ,                      ,                  ,                 ,                           ,                 ,                 ,                 , PASIVE     ,    00679422, 000000051611295,             1,                         0, GLORIA INES BARBOSA DE MORALES                                , Cedula Ciudadania   ,                         ,                           ,                                   , false                    ,                 , false           ,                    ,             , false       , false            ,                        , false                  , 010001                     , 2026-05-22 21:57:14.523, false             , false               ,                    ,               ,                       ,                                                        ,                 , false       , false           ,                 ,                     , gloria.i.morales295@gmail.com    ,                 , 
141959, 001309380100141959,                    01,                     0001, 1956-06-22            , C                  , CANCELADA               , 0            , SIN BLOQUEO       , N                  ,                     ,                     ,                          ,                ,                      ,                  ,                 ,                           ,                 ,                 ,                 , PASIVE     ,    00956680, 000000860025610,             3,                         1, FONDO DE EMPLEADOS D E INSTITUCIONES COLO MBIANAS AGROPECUARIA, Nit Persona Juridica,                         ,                           ,                                   , false                    ,                 , false           ,                    ,             , false       , false            ,                        , false                  , 010001                     , 2026-05-22 21:57:14.523, false             , false               ,                    ,               ,                       ,                                                        ,                 , false       , false           ,                 ,                     , fondo.d.agropecuaria610@gmail.com,                 , 
000022, 001305580100000022,                    01,                     0001, 1958-02-21            , A                  , ACTIVA                  , 0            , SIN BLOQUEO       , M                  ,                     ,                     ,                          ,                ,                      ,                  ,                 ,                           ,                 ,                 ,                 , PASIVE     ,    00152671, 000000007133014,             1,                         0, ISMAEL GUZMAN BEJARANO                                        , Cedula Ciudadania   ,                         ,                           ,                                   , false                    ,                 , false           ,                    ,             , false       , false            ,                        , false                  , 010001                     , 2026-05-22 21:57:14.523, false             , false               ,                    ,               ,                       ,                                                        ,                 , false       , false           ,                 ,                     , ismaelb014@bbva.com.co           ,                 , 
185685, 001301260100185685,                    01,                     0001, 1958-10-13            , A                  , ACTIVA                  , 0            , SIN BLOQUEO       , T                  ,                     ,                     ,                          ,                ,                      ,                  ,                 ,                           ,                 ,                 ,                 , PASIVE     ,    00371942, 000000020199048,             1,                         0, HILDA LINARES DE HERNANDEZ                                    , Cedula Ciudadania   ,                         ,                           ,                                   , false                    ,                 , false           ,                    ,             , false       , false            ,                        , false                  , 010001                     , 2026-05-22 21:57:14.523, false             , false               ,                    ,               ,                       ,                                                        ,                 , false       , false           ,                 ,                     , hildah048@outlook.com            ,                 , 
000532, 001301970100000532,                    01,                     0001, 1959-08-09            , A                  , ACTIVA                  , 0            , SIN BLOQUEO       , M                  ,                     ,                     ,                          ,                ,                      ,                  ,                 ,                           ,                 ,                 ,                 , PASIVE     ,    00120544, 000000005538613,             1,                         0, JORGE ARTURO MARTINEZ REYES                                   , Cedula Ciudadania   ,                         ,                           ,                                   , false                    ,                 , false           ,                    ,             , false       , false            ,                        , false                  , 010001                     , 2026-05-22 21:57:14.523, false             , false               ,                    ,               ,                       ,                                                        ,                 , false       , false           ,                 ,                     , jorge_reyes613@icloud.com        ,                 , 
040028, 001303500100040028,                    01,                     0001, 1959-10-10            , A                  , ACTIVA                  , E            , CUENTA EMBARGADA  , M                  ,                     ,                     ,                          ,                ,                      ,                  ,                 ,                           ,                 ,                 ,                 , PASIVE     ,    00528705, 000000032418511,             1,                         0, MARIA VICTORIA GONZALEZ DE OSPINA                             , Cedula Ciudadania   ,                         ,                           ,                                   , false                    ,                 , false           ,                    ,             , false       , false            ,                        , false                  , 010001                     , 2026-05-22 21:57:14.523, false             , false               , EMB16960501        , OF-2023-274000, 2023-03-01            , Juzgado 18 Civil Municipal de Cartagena                ,                 , true        , false           ,                 ,                     , maria_ospina511@protonmail.com   ,                 , 
192728, 001302530100192728,                    01,                     0001, 1960-01-01            , A                  , ACTIVA                  , E            , CUENTA EMBARGADA  , M                  ,                     ,                     ,                          ,                ,                      ,                  ,                 ,                           ,                 ,                 ,                 , PASIVE     ,    00029998, 000000000964129,             1,                         0, ASTREBERTO JULIO BLANCO                                       , Cedula Ciudadania   ,                         ,                           ,                                   , false                    ,                 , false           ,                    ,             , false       , false            ,                        , false                  , 010001                     , 2026-05-22 21:57:14.523, false             , false               , EMB55694627        , OF-2025-932068, 2025-01-15            , Juzgado 06 de Ejecución de Penas y Medidas de Seguridad, 2026-01-15      , true        , true            ,                 ,                     , astreberto_blanco129@hotmail.com , 2026-01-15      , Levantamiento de embargo sobre Cuenta de Ahorros. Pago efectuado el 2026-01-15. Oficio OF-2025-932068 emitido por Juzgado 06 de Ejecución de Penas y Medidas de Seguridad. Contrato de embargo: EMB55694627.
024997, 001307240100024997,                    01,                     0001, 1960-01-01            , A                  , ACTIVA                  , 0            , SIN BLOQUEO       , T                  ,                     ,                     ,                          ,                ,                      ,                  ,                 ,                           ,                 ,                 ,                 , PASIVE     ,    00065638, 000000002895400,             1,                         0, JESUS ANTONIO GARZON FANDINO                                  , Cedula Ciudadania   ,                         ,                           ,                                   , false                    ,                 , false           ,                    ,             , false       , false            ,                        , false                  , 010001                     , 2026-05-22 21:57:14.523, false             , false               ,                    ,               ,                       ,                                                        ,                 , false       , false           ,                 ,                     , jesus.fandino400@outlook.com     ,                 , 
189906, 001302530100189906,                    01,                     0001, 1960-01-01            , A                  , ACTIVA                  , E            , CUENTA EMBARGADA  , M                  ,                     ,                     ,                          ,                ,                      ,                  ,                 ,                           ,                 ,                 ,                 , PASIVE     ,    00075473, 000000003247652,             1,                         0, FABIO VILLALBA ESPITIA                                        , Cedula Ciudadania   ,                         ,                           ,                                   , false                    ,                 , false           ,                    ,             , false       , false            ,                        , false                  , 010001                     , 2026-05-22 21:57:14.523, false             , false               , EMB93677709        , OF-2024-937810, 2024-10-25            , Juzgado 12 Civil del Circuito de Medellín              ,                 , true        , false           ,                 ,                     , fabioe652@outlook.com            ,                 , 
900001, 001300099600900001,                    96,                     3191, 2018-06-15            ,                    ,                         ,              ,                   ,                    , 2024-09-10          , A                   , ACTIVO                   ,                ,                      ,                  ,                 ,                           ,                 ,                 ,                 , ACTIVE     ,    08123456, 000001053900001,             1,                         0, LUISA FERNANDA TORRES MORENO                                  , Cedula Ciudadania   , 2026-01-26              ,                       1234, BANCA INVERSIONES COMPRA CART. SAS, true                     ,                 , false           ,                 180, 2025-11-07  , true        , false            , 2026-05-21             , true                   , 963191                     , 2026-05-26 09:00:00.000, true              , false               ,                    ,               ,                       ,                                                        ,                 , false       , false           , 2026-11-02      ,                     , luisa.moreno001@icloud.com       ,                 , 
900002, 001300099600900002,                    96,                     5394, 2016-02-20            ,                    ,                         ,              ,                   ,                    , 2023-11-05          , A                   , ACTIVO                   ,                ,                      ,                  ,                 ,                           ,                 ,                 ,                 , ACTIVE     ,    06234567, 000001053900002,             1,                         0, JORGE MARIO RAMIREZ CASTANO                                   , Cedula Ciudadania   , 2026-03-27              ,                       1234, BANCA INVERSIONES COMPRA CART. SAS, true                     ,                 , false           ,                  90, 2026-02-05  , true        , false            , 2026-05-23             , true                   , 965394                     , 2026-05-26 09:00:00.000, true              , false               ,                    ,               ,                       ,                                                        ,                 , false       , false           , 2026-08-04      ,                     , jorge_castano002@icloud.com      ,                 , 
900003, 001300099600900003,                    96,                     5136, 2019-08-12            ,                    ,                         ,              ,                   ,                    , 2025-01-18          , A                   , ACTIVO                   ,                ,                      ,                  ,                 ,                           ,                 ,                 ,                 , ACTIVE     ,    05445678, 000001053900003,             1,                         0, CLAUDIA PATRICIA NIETO SUAREZ                                 , Cedula Ciudadania   , 2025-11-07              ,                       5678, REFINANCIA S A                    , true                     ,                 , false           ,                 365, 2025-04-21  , true        , false            , 2026-05-16             , true                   , 965136                     , 2026-05-26 09:00:00.000, true              , false               ,                    ,               ,                       ,                                                        ,                 , false       , false           , 2027-04-21      ,                     , csuarez003@bbva.com.co           ,                 , 
900101, 001300099600900101,                    96,                     3127, 2017-04-03            ,                    ,                         ,              ,                   ,                    , 2024-12-20          , 1                   , CANCELADO                ,                ,                      ,                  ,                 ,                           ,                 ,                 ,                 , ACTIVE     ,    07556789, 000001053900101,             1,                         0, ANDRES FELIPE ROJAS GUZMAN                                    , Cedula Ciudadania   ,                         ,                           ,                                   , false                    , 2025-12-27      , true            ,                 540, 2024-10-03  , true        , false            , 2026-05-22             , true                   , 963127                     , 2026-05-26 09:00:00.000, true              , false               ,                    ,               ,                       ,                                                        ,                 , false       , false           , 2027-09-18      , 2035-12-27          , andresg101@protonmail.com        ,                 , 
900102, 001300099600900102,                    96,                     1567, 2015-09-25            ,                    ,                         ,              ,                   ,                    , 2023-06-30          , 1                   , CANCELADO                ,                ,                      ,                  ,                 ,                           ,                 ,                 ,                 , ACTIVE     ,    03667890, 000001053900102,             1,                         0, MARIA CAMILA OSORIO PEREZ                                     , Cedula Ciudadania   ,                         ,                           ,                                   , false                    , 2026-03-12      , true            ,                 420, 2025-03-02  , true        , false            , 2026-05-24             , true                   , 961567                     , 2026-05-26 09:00:00.000, true              , false               ,                    ,               ,                       ,                                                        ,                 , false       , false           , 2027-06-20      , 2036-03-12          , mperez102@yahoo.com              ,                 , 
900103, 001300099600900103,                    96,                     5571, 2018-11-11            ,                    ,                         ,              ,                   ,                    , 2025-03-15          , 1                   , CANCELADO                ,                ,                      ,                  ,                 ,                           ,                 ,                 ,                 , ACTIVE     ,    08778901, 000001053900103,             1,                         0, OSCAR JAVIER MENDOZA LOPEZ                                    , Cedula Ciudadania   ,                         ,                           ,                                   , false                    , 2025-05-26      , true            ,                 720, 2024-03-17  , true        , false            , 2026-05-25             , true                   , 965571                     , 2026-05-26 09:00:00.000, true              , false               ,                    ,               ,                       ,                                                        ,                 , false       , false           , 2028-02-25      , 2035-05-26          , olopez103@bbva.com.co            ,                 , 
900201, 001300099699900201,                    99,                     0011, 2025-12-10            ,                    ,                         ,              ,                   ,                    , 2026-05-01          , A                   , ACTIVO                   ,                ,                      ,                  ,                 ,                           ,                 ,                 ,                 , ACTIVE     ,    09889012, 000001053900201,             1,                         0, DANIELA ALEJANDRA QUINTERO RIOS                               , Cedula Ciudadania   ,                         ,                           ,                                   , false                    ,                 , false           ,                    ,             , false       , false            ,                        , false                  , 990011 - ADELANTO DE NOMINA, 2026-05-26 09:00:00.000, false             , true                ,                    ,               ,                       ,                                                        ,                 , false       , false           ,                 ,                     , daniela_rios201@gmail.com        ,                 , 
900202, 001300099699900202,                    99,                     0011, 2026-01-22            ,                    ,                         ,              ,                   ,                    , 2026-04-22          , A                   , ACTIVO                   ,                ,                      ,                  ,                 ,                           ,                 ,                 ,                 , ACTIVE     ,    10990123, 000001053900202,             1,                         0, SEBASTIAN ALONSO PARRA VARGAS                                 , Cedula Ciudadania   ,                         ,                           ,                                   , false                    ,                 , false           ,                  45, 2026-04-06  , true        , false            , 2026-05-19             , true                   , 990011 - ADELANTO DE NOMINA, 2026-05-26 09:00:00.000, false             , true                ,                    ,               ,                       ,                                                        ,                 , false       , false           , 2026-07-05      ,                     , sebastian.a.vargas202@bbva.com.co,                 , 
900203, 001300099699900203,                    99,                     0011, 2025-08-05            ,                    ,                         ,              ,                   ,                    , 2026-05-15          , A                   , ACTIVO                   ,                ,                      ,                  ,                 ,                           ,                 ,                 ,                 , ACTIVE     ,    11001234, 000001053900203,             1,                         0, VALERIA SOFIA HERRERA CAICEDO                                 , Cedula Ciudadania   ,                         ,                           ,                                   , false                    ,                 , false           ,                    ,             , false       , false            ,                        , false                  , 990011 - ADELANTO DE NOMINA, 2026-05-26 09:00:00.000, false             , true                ,                    ,               ,                       ,                                                        ,                 , false       , false           ,                 ,                     , valeria_caicedo203@outlook.com   ,                 , 
957012, 001300099600957012,                    96,                     5136, 2015-01-28            , A                  , ACTIVA                  , E            , CUENTA EMBARGADA  , M                  , 2017-07-29          , A                   , ACTIVO                   ,                ,                      ,                  ,                 ,                           ,                 ,                 ,                 , ACTIVE     ,    07238834, 000081613253841,             1,                         0, CLAUDIA ISABEL RUIZ PEREZ                                     , Cedula Ciudadania   ,                         ,                           ,                                   , false                    ,                 , false           ,                    ,             , false       , false            ,                        , false                  , 965136                     , 2026-05-28 09:00:00.000, false             , false               , EMB76431044        , OF-2025-841070, 2025-05-21            , Juzgado 09 Civil del Circuito de Pereira               , 2026-01-20      , true        , true            ,                 ,                     , claudia_perez841@bbva.com.co     ,                 , 
969940, 001300099600969940,                    96,                     5549, 2021-07-28            , A                  , ACTIVA                  , E            , CUENTA EMBARGADA  , M                  , 2024-06-16          , A                   , ACTIVO                   ,                ,                      ,                  ,                 ,                           ,                 ,                 ,                 , ACTIVE     ,    01473412, 000022541552694,             1,                         0, MARCELA FERNANDA CASTRO FLORES                                , Cedula Ciudadania   ,                         ,                           ,                                   , false                    ,                 , false           ,                    ,             , false       , false            ,                        , false                  , 965549                     , 2026-05-28 09:00:00.000, false             , false               , EMB17645309        , OF-2022-549770, 2022-10-06            , Juzgado 21 Civil Municipal de Barranquilla             ,                 , true        , false           ,                 ,                     , marcela.f.flores694@yahoo.com    ,                 , 
931168, 001300090200931168,                    02,                     5394, 2024-05-31            , A                  , ACTIVA                  , E            , CUENTA EMBARGADA  , M                  , 2026-05-28          , A                   , ACTIVO                   ,                ,                      ,                  ,                 ,                           ,                 ,                 ,                 , PASIVE     ,    03672947, 000017844647226,             1,                         0, PAULA ESPERANZA RIVERA FLORES                                 , Cedula Ciudadania   ,                         ,                           ,                                   , false                    ,                 , false           ,                    ,             , false       , false            ,                        , false                  , 025394                     , 2026-05-28 09:00:00.000, false             , false               , EMB60845437        , OF-2023-936209, 2023-10-16            , Juzgado 08 de Familia de Villavicencio                 , 2025-01-17      , true        , true            ,                 ,                     , paulaf226@live.com               , 2025-01-17      , Levantamiento de embargo sobre CDT (Certificado de Depósito a Término). Pago efectuado el 2025-01-17. Oficio OF-2023-936209 emitido por Juzgado 08 de Familia de Villavicencio. Contrato de embargo: EMB60845437.
995181, 001300099600995181,                    96,                     3191, 2023-07-23            , A                  , ACTIVA                  , E            , CUENTA EMBARGADA  , M                  , 2024-05-24          , A                   , ACTIVO                   ,                ,                      ,                  ,                 ,                           ,                 ,                 ,                 , ACTIVE     ,    05508652, 000050304121019,             1,                         0, OSCAR ALEJANDRO GONZALEZ TORRES                               , Cedula Ciudadania   ,                         ,                           ,                                   , false                    ,                 , false           ,                    ,             , false       , false            ,                        , false                  , 963191                     , 2026-05-28 09:00:00.000, false             , false               , EMB11396470        , OF-2025-969619, 2025-09-25            , Juzgado 07 Laboral del Circuito de Cali                ,                 , true        , false           ,                 ,                     , oscart019@gmail.com              ,                 , 
977675, 001300099600977675,                    96,                     5549, 2018-10-14            , A                  , ACTIVA                  , E            , CUENTA EMBARGADA  , M                  , 2020-06-09          , A                   , ACTIVO                   ,                ,                      ,                  ,                 ,                           ,                 ,                 ,                 , ACTIVE     ,    04600563, 000022955890394,             1,                         0, CAMILA ISABEL MARTINEZ RAMIREZ                                , Cedula Ciudadania   ,                         ,                           ,                                   , false                    ,                 , false           ,                    ,             , false       , false            ,                        , false                  , 965549                     , 2026-05-28 09:00:00.000, false             , false               , EMB85103019        , OF-2026-658084, 2026-04-29            , Juzgado 05 de Familia de Bucaramanga                   ,                 , true        , false           ,                 ,                     , camila.ramirez394@icloud.com     ,                 , 
927060, 001300090200927060,                    02,                     5549, 2020-11-10            , A                  , ACTIVA                  , E            , CUENTA EMBARGADA  , M                  , 2021-09-09          , A                   , ACTIVO                   ,                ,                      ,                  ,                 ,                           ,                 ,                 ,                 , PASIVE     ,    09552527, 000094079626165,             1,                         0, CAMILA BEATRIZ ROMERO MARTINEZ                                , Cedula Ciudadania   ,                         ,                           ,                                   , false                    ,                 , false           ,                    ,             , false       , false            ,                        , false                  , 025549                     , 2026-05-28 09:00:00.000, false             , false               , EMB34238608        , OF-2022-886492, 2022-02-25            , Juzgado 08 de Familia de Villavicencio                 ,                 , true        , false           ,                 ,                     , camilam165@gmail.com             ,                 , 
969072, 001300090200969072,                    02,                     5394, 2022-11-25            , A                  , ACTIVA                  , E            , CUENTA EMBARGADA  , M                  , 2023-04-15          , A                   , ACTIVO                   ,                ,                      ,                  ,                 ,                           ,                 ,                 ,                 , PASIVE     ,    08517359, 000004880840417,             1,                         0, CARLOS PATRICIA MARTINEZ PEREZ                                , Cedula Ciudadania   ,                         ,                           ,                                   , false                    ,                 , false           ,                    ,             , false       , false            ,                        , false                  , 025394                     , 2026-05-28 09:00:00.000, false             , false               , EMB95541242        , OF-2025-496858, 2025-01-18            , Juzgado 04 Civil del Circuito de Cúcuta                , 2026-01-29      , true        , true            ,                 ,                     , cperez417@outlook.com            , 2026-01-29      , Levantamiento de embargo sobre CDT (Certificado de Depósito a Término). Pago efectuado el 2026-01-29. Oficio OF-2025-496858 emitido por Juzgado 04 Civil del Circuito de Cúcuta. Contrato de embargo: EMB95541242.
965215, 001300090100965215,                    01,                     5136, 2022-10-12            , A                  , ACTIVA                  , E            , CUENTA EMBARGADA  , M                  , 2023-05-28          , A                   , ACTIVO                   ,                ,                      ,                  ,                 ,                           ,                 ,                 ,                 , PASIVE     ,    06667054, 000075193392599,             1,                         0, NATALIA ALEJANDRO MARTINEZ PEREZ                              , Cedula Ciudadania   ,                         ,                           ,                                   , false                    ,                 , false           ,                    ,             , false       , false            ,                        , false                  , 015136                     , 2026-05-28 09:00:00.000, false             , false               , EMB43139403        , OF-2026-254082, 2026-01-22            , Juzgado 04 Civil del Circuito de Cúcuta                ,                 , true        , false           ,                 ,                     , natalia.perez599@yahoo.com       ,                 , 
932600, 001300090200932600,                    02,                     0002, 2022-12-27            , A                  , ACTIVA                  , E            , CUENTA EMBARGADA  , M                  , 2023-07-29          , A                   , ACTIVO                   ,                ,                      ,                  ,                 ,                           ,                 ,                 ,                 , PASIVE     ,    08601234, 000048576265408,             1,                         0, DIANA BEATRIZ GOMEZ JIMENEZ                                   , Cedula Ciudadania   ,                         ,                           ,                                   , false                    ,                 , false           ,                    ,             , false       , false            ,                        , false                  , 020002                     , 2026-05-28 09:00:00.000, false             , false               , EMB34777234        , OF-2025-507113, 2025-07-08            , Juzgado 18 Civil Municipal de Cartagena                ,                 , true        , false           ,                 ,                     , dianaj408@yahoo.com              ,                 , 
978460, 001300099600978460,                    96,                     0001, 2018-12-14            , A                  , ACTIVA                  , E            , CUENTA EMBARGADA  , M                  , 2021-11-14          , A                   , ACTIVO                   ,                ,                      ,                  ,                 ,                           ,                 ,                 ,                 , ACTIVE     ,    06133834, 000004376973090,             1,                         0, JORGE JAVIER PEREZ RUIZ                                       , Cedula Ciudadania   ,                         ,                           ,                                   , false                    ,                 , false           ,                    ,             , false       , false            ,                        , false                  , 960001                     , 2026-05-28 09:00:00.000, false             , false               , EMB53030224        , OF-2025-583221, 2025-10-29            , Juzgado 21 Civil Municipal de Barranquilla             ,                 , true        , false           ,                 ,                     , jruiz090@hotmail.com             ,                 , 
