key_id, contract_id     , commercial_product_id, commercial_subproduct_id, contract_register_date, account_status_type, account_status_type_desc, blocking_type, blocking_type_desc, account_freeze_type, contract_status_date, contract_status_type, contract_status_type_desc, card_bin_number, card_bin_subtype_type, contract_end_date, participant_type, participation_order_number, card_status_type, card_status_date, last_four_pan_id, origin_flag, customer_id, personal_id  , personal_type, personal_verif_digit_type, customer_name                                                 , personal_type_desc  , off_loaded_porfolio_date, portfolio_buyer_company_id, buyer_name                        , off_loaded_portfolio_flag, written_off_date, written_off_flag, default_days_number, default_date, default_flag, restructured_flag, date_consult_risk_ctral, flag_consult_risk_ctral, product_desc               , audit_date             , default_status_pay, adelanto_nomina_flag, seizure_contract_id, court_order_id, court_order_entry_date, seizure_issuing_court_name                             , seizure_pay_date, seizure_flag, seizure_off_flag, default_end_date, written_off_end_date, customer_mail                    , seizure_off_date, seizure_off_desc                                                                                                                                                                                                  , commercial_product_desc ,customer_address ,account_id
    58, 1300019600000058,                  96.0,                   3448.0, 2024-05-27            ,                    ,                         ,              ,                   ,                    , 2024-05-28          , 1                   , CANCELADO                ,                ,                      ,                  ,                 ,                           ,                 ,                 ,                 , ACTIVE     ,     1232829,      12555147,             1,                         0, RICARDO JESUS SEALES REYES                                    , Cedula Ciudadania   ,                         ,                           ,                                   , False                    ,                 , False           ,                    ,             , False       , False            ,                        , False                  , 963448                     , 2026-05-22 22:07:31.063, False             , False               ,                    ,               ,                       ,                                                        ,                 , False       , False           ,                 ,                     , ricardo_reyes147@outlook.com     ,                 ,                                                                                                                                                                                                                   , CARTERA                 ,CALLE 151 A # 115-34
   290, 1300099600000290,                  96.0,                   3218.0, 0001-01-01            ,                    ,                         ,              ,                   ,                    , 2013-10-01          , 9                   , PROPUESTA                ,                ,                      ,                  ,                 ,                           ,                 ,                 ,                 , ACTIVE     ,     4167712,      24431518,             1,                         0, LUZ NORY OCAMPO SALAZAR                                       , Cedula Ciudadania   ,                         ,                           ,                                   , False                    ,                 , False           ,                    ,             , False       , False            ,                        , False                  , 963218                     , 2026-05-22 22:07:31.063, False             , False               ,                    ,               ,                       ,                                                        ,                 , False       , False           ,                 ,                     , luz.salazar518@protonmail.com    ,                 ,                                                                                                                                                                                                                   , CARTERA
   332, 1300099600000332,                  96.0,                   5136.0, 2013-11-06            ,                    ,                         ,              ,                   ,                    , 2022-07-14          , 1                   , CANCELADO                ,                ,                      ,                  ,                 ,                           ,                 ,                 ,                 , ACTIVE     ,     7136263,      25054238,             1,                         0, MARIA ESNEDA VALENCIA CALVO                                   , Cedula Ciudadania   ,                         ,                           ,                                   , False                    ,                 , False           ,                    ,             , False       , False            ,                        , False                  , 965136                     , 2026-05-22 22:07:31.063, False             , False               ,                    ,               ,                       ,                                                        ,                 , False       , False           ,                 ,                     , mcalvo238@bbva.com.co            ,                 ,                                                                                                                                                                                                                   , CARTERA
   373, 1300099600000373,                  96.0,                   5136.0, 0001-01-01            ,                    ,                         ,              ,                   ,                    , 2017-10-05          , A                   , OTRO                     ,                ,                      ,                  ,                 ,                           ,                 ,                 ,                 , ACTIVE     ,     7679301,      16078805,             1,                         0, LUIS CARLOS BOTERO IDARRAGA                                   , Cedula Ciudadania   ,                         ,                           ,                                   , False                    ,                 , False           ,                    ,             , False       , False            ,                        , False                  , 965136                     , 2026-05-22 22:07:31.063, False             , False               ,                    ,               ,                       ,                                                        ,                 , False       , False           ,                 ,                     , luis.idarraga805@icloud.com      ,                 ,                                                                                                                                                                                                                   , CARTERA
   712, 1300099600000712,                  96.0,                   5112.0, 0001-01-01            ,                    ,                         ,              ,                   ,                    , 2013-11-19          , 9                   , PROPUESTA                ,                ,                      ,                  ,                 ,                           ,                 ,                 ,                 , ACTIVE     ,     7732016,    1053836011,             1,                         0, MARIANTONIA GOMEZ MURIEL                                      , Cedula Ciudadania   ,                         ,                           ,                                   , False                    ,                 , False           ,                    ,             , False       , False            ,                        , False                  , 965112                     , 2026-05-22 22:07:31.063, False             , False               ,                    ,               ,                       ,                                                        ,                 , False       , False           ,                 ,                     , mariantoniam011@protonmail.com   ,                 ,                                                                                                                                                                                                                   , CARTERA
   993, 1300099600000993,                  96.0,                   1783.0, 0001-01-01            ,                    ,                         ,              ,                   ,                    , 2019-11-23          , A                   , OTRO                     ,                ,                      ,                  ,                 ,                           ,                 ,                 ,                 , ACTIVE     ,     3218596,      30337003,             1,                         0, ALBA ROCIO LOPEZ SALAZAR                                      , Cedula Ciudadania   ,                         ,                           ,                                   , False                    ,                 , False           ,                    ,             , False       , False            ,                        , False                  , 961783                     , 2026-05-22 22:07:31.063, False             , False               ,                    ,               ,                       ,                                                        ,                 , False       , False           ,                 ,                     , alba_salazar003@live.com         ,                 ,                                                                                                                                                                                                                   , CARTERA
  1124, 1300099600001124,                  96.0,                   3127.0, 0001-01-01            ,                    ,                         ,              ,                   ,                    , 2013-12-13          , 9                   , PROPUESTA                ,                ,                      ,                  ,                 ,                           ,                 ,                 ,                 , ACTIVE     ,     7770851,    1053784482,             1,                         0, YUDY LUCIA ARISTIZABAL GIRALDO                                , Cedula Ciudadania   ,                         ,                           ,                                   , False                    ,                 , False           ,                    ,             , False       , False            ,                        , False                  , 963127                     , 2026-05-22 22:07:31.063, False             , False               ,                    ,               ,                       ,                                                        ,                 , False       , False           ,                 ,                     , ygiraldo482@yahoo.com            ,                 ,                                                                                                                                                                                                                   , CARTERA
  1157, 1300099600001157,                  96.0,                   5567.0, 0001-01-01            ,                    ,                         ,              ,                   ,                    , 2014-06-14          , A                   , OTRO                     ,                ,                      ,                  ,                 ,                           ,                 ,                 ,                 , ACTIVE     ,     7732016,    1053836011,             1,                         0, MARIANTONIA GOMEZ MURIEL                                      , Cedula Ciudadania   ,                         ,                           ,                                   , False                    ,                 , False           ,                    ,             , False       , False            ,                        , False                  , 965567                     , 2026-05-22 22:07:31.063, False             , False               ,                    ,               ,                       ,                                                        ,                 , False       , False           ,                 ,                     , mariantoniam011@protonmail.com   ,                 ,                                                                                                                                                                                                                   , CARTERA
  1264, 1300099600001264,                  96.0,                   5394.0, 2014-02-10            ,                    ,                         ,              ,                   ,                    , 2024-02-12          , A                   , ACTIVO                   ,                ,                      ,                  ,                 ,                           ,                 ,                 ,                 , ACTIVE     ,     1227510,      10225566,             1,                         0, NELSON DE JESUS GONZALEZ HOYOS                                , Cedula Ciudadania   ,                         ,                           ,                                   , False                    ,                 , False           ,                    ,             , False       , False            ,                        , False                  , 965394                     , 2026-05-22 22:07:31.063, False             , False               ,                    ,               ,                       ,                                                        ,                 , False       , False           ,                 ,                     , nelsonh566@yahoo.com             ,                 ,                                                                                                                                                                                                                   , CARTERA
  1421, 1300099600001421,                  96.0,                   3288.0, 0001-01-01            ,                    ,                         ,              ,                   ,                    , 2014-01-02          , A                   , OTRO                     ,                ,                      ,                  ,                 ,                           ,                 ,                 ,                 , ACTIVE     ,     7588438,       4457459,             1,                         0, JUAN ARBEY SALAZAR                                            , Cedula Ciudadania   ,                         ,                           ,                                   , False                    ,                 , False           ,                    ,             , False       , False            ,                        , False                  , 963288                     , 2026-05-22 22:07:31.063, False             , False               ,                    ,               ,                       ,                                                        ,                 , False       , False           ,                 ,                     , juan_salazar459@bbva.com.co      ,                 ,                                                                                                                                                                                                                   , CARTERA
  1454, 1300099600001454,                  96.0,                   5234.0, 0001-01-01            ,                    ,                         ,              ,                   ,                    , 2014-01-16          , A                   , OTRO                     ,                ,                      ,                  ,                 ,                           ,                 ,                 ,                 , ACTIVE     ,     5681401,      75094741,             1,                         0, JAIME ANDRES MARIN MARTINEZ                                   , Cedula Ciudadania   ,                         ,                           ,                                   , False                    ,                 , False           ,                    ,             , False       , False            ,                        , False                  , 965234                     , 2026-05-22 22:07:31.063, False             , False               ,                    ,               ,                       ,                                                        ,                 , False       , False           ,                 ,                     , jaime_martinez741@outlook.com    ,                 ,                                                                                                                                                                                                                   , CARTERA
  1629, 1300099600001629,                  96.0,                   3191.0, 0001-01-01            ,                    ,                         ,              ,                   ,                    , 2014-01-29          , A                   , ACTIVO                   ,                ,                      ,                  ,                 ,                           ,                 ,                 ,                 , ACTIVE     ,     6848639,    1058818703,             1,                         0, SABRINA RIVERA GARCIA                                         , Cedula Ciudadania   ,                         ,                           ,                                   , False                    ,                 , True            ,              1080.0, 2023-05-25  , True        , False            ,                        , False                  , 963191                     , 2026-05-22 22:07:31.063, True              , False               ,                    ,               ,                       ,                                                        ,                 , False       , False           , 2029-04-23      ,                     , sabrina.garcia703@outlook.com    ,                 ,                                                                                                                                                                                                                   , CARTERA
  1652, 1300099600001652,                  96.0,                   3191.0, 0001-01-01            ,                    ,                         ,              ,                   ,                    , 2014-01-22          , A                   , OTRO                     ,                ,                      ,                  ,                 ,                           ,                 ,                 ,                 , ACTIVE     ,     6146981,    1053779500,             1,                         0, FREDERICK SOTO YARA                                           , Cedula Ciudadania   ,                         ,                           ,                                   , False                    ,                 , False           ,                    ,             , False       , False            ,                        , False                  , 963191                     , 2026-05-22 22:07:31.063, False             , False               ,                    ,               ,                       ,                                                        ,                 , False       , False           ,                 ,                     , fyara500@live.com                ,                 ,                                                                                                                                                                                                                   , CARTERA
  1678, 1300099600001678,                  96.0,                   1307.0, 0001-01-01            ,                    ,                         ,              ,                   ,                    , 2014-02-18          , A                   , OTRO                     ,                ,                      ,                  ,                 ,                           ,                 ,                 ,                 , ACTIVE     ,     7812463,    1053776839,             1,                         0, YULIANA ARBELAEZ CARDENAS                                     , Cedula Ciudadania   ,                         ,                           ,                                   , False                    ,                 , False           ,                    ,             , False       , False            ,                        , False                  , 961307                     , 2026-05-22 22:07:31.063, False             , False               ,                    ,               ,                       ,                                                        ,                 , False       , False           ,                 ,                     , yulianac839@icloud.com           ,                 ,                                                                                                                                                                                                                   , CARTERA
  1728, 1300099600001728,                  96.0,                   5394.0, 0001-01-01            ,                    ,                         ,              ,                   ,                    , 2019-11-23          , A                   , OTRO                     ,                ,                      ,                  ,                 ,                           ,                 ,                 ,                 , ACTIVE     ,     3659696,      30335286,             1,                         0, ANDREA JULIANA HOYOS GONZALEZ                                 , Cedula Ciudadania   ,                         ,                           ,                                   , False                    ,                 , False           ,                    ,             , False       , False            ,                        , False                  , 965394                     , 2026-05-22 22:07:31.063, False             , False               ,                    ,               ,                       ,                                                        ,                 , False       , False           ,                 ,                     , andrea_gonzalez286@icloud.com    ,                 ,                                                                                                                                                                                                                   , CARTERA
  1827, 1300099600001827,                  96.0,                   7128.0, 0001-01-01            ,                    ,                         ,              ,                   ,                    , 2014-08-02          , A                   , OTRO                     ,                ,                      ,                  ,                 ,                           ,                 ,                 ,                 , ACTIVE     ,     7818083,      75097144,             1,                         0, LEONARDO FABIO ARBELAEZ PATINO                                , Cedula Ciudadania   ,                         ,                           ,                                   , False                    ,                 , False           ,                    ,             , False       , False            ,                        , False                  , 967128                     , 2026-05-22 22:07:31.063, False             , False               ,                    ,               ,                       ,                                                        ,                 , False       , False           ,                 ,                     , lpatino144@outlook.com           ,                 ,                                                                                                                                                                                                                   , CARTERA
  1843, 1300099600001843,                  96.0,                   3191.0, 0001-01-01            ,                    ,                         ,              ,                   ,                    , 2014-02-03          , A                   , ACTIVO                   ,                ,                      ,                  ,                 ,                           ,                 ,                 ,                 , ACTIVE     ,     7667553,    1053794498,             1,                         0, FRANCIA LORENA MARULANDA CARDONA                              , Cedula Ciudadania   ,                         ,                           ,                                   , False                    ,                 , False           ,                60.0, 2026-03-25  , True        , False            ,                        , False                  , 963191                     , 2026-05-22 22:07:31.063, False             , False               ,                    ,               ,                       ,                                                        ,                 , False       , False           , 2026-07-23      ,                     , francia.cardona498@protonmail.com,                 ,                                                                                                                                                                                                                   , CARTERA
  1900, 1300099600001900,                  96.0,                   3191.0, 0001-01-01            ,                    ,                         ,              ,                   ,                    , 2014-02-03          , A                   , ACTIVO                   ,                ,                      ,                  ,                 ,                           ,                 ,                 ,                 , ACTIVE     ,     7667553,    1053794498,             1,                         0, FRANCIA LORENA MARULANDA CARDONA                              , Cedula Ciudadania   ,                         ,                           ,                                   , False                    ,                 , False           ,                    ,             , False       , False            ,                        , False                  , 963191                     , 2026-05-22 22:07:31.063, False             , False               ,                    ,               ,                       ,                                                        ,                 , False       , False           ,                 ,                     , francia.cardona498@protonmail.com,                 ,                                                                                                                                                                                                                   , CARTERA
  1959, 1300099600001959,                  96.0,                   5549.0, 0001-01-01            ,                    ,                         ,              ,                   ,                    , 2014-02-12          , A                   , OTRO                     ,                ,                      ,                  ,                 ,                           ,                 ,                 ,                 , ACTIVE     ,     7807275,      30233885,             1,                         0, BIBIANA CARDENAS ARBELAEZ                                     , Cedula Ciudadania   ,                         ,                           ,                                   , False                    ,                 , False           ,                    ,             , False       , False            ,                        , False                  , 965549                     , 2026-05-22 22:07:31.063, False             , False               ,                    ,               ,                       ,                                                        ,                 , False       , False           ,                 ,                     , bibianaa885@yahoo.com            ,                 ,                                                                                                                                                                                                                   , CARTERA
  1967, 1300099600001967,                  96.0,                   7128.0, 0001-01-01            ,                    ,                         ,              ,                   ,                    , 2014-02-04          , 9                   , PROPUESTA                ,                ,                      ,                  ,                 ,                           ,                 ,                 ,                 , ACTIVE     ,     7818083,      75097144,             1,                         0, LEONARDO FABIO ARBELAEZ PATINO                                , Cedula Ciudadania   ,                         ,                           ,                                   , False                    ,                 , False           ,                    ,             , False       , False            ,                        , False                  , 967128                     , 2026-05-22 22:07:31.063, False             , False               ,                    ,               ,                       ,                                                        ,                 , False       , False           ,                 ,                     , lpatino144@outlook.com           ,                 ,                                                                                                                                                                                                                   , CARTERA
  1991, 1300099600001991,                  96.0,                   5549.0, 0001-01-01            ,                    ,                         ,              ,                   ,                    , 2014-02-05          , A                   , OTRO                     ,                ,                      ,                  ,                 ,                           ,                 ,                 ,                 , ACTIVE     ,     7807275,      30233885,             1,                         0, BIBIANA CARDENAS ARBELAEZ                                     , Cedula Ciudadania   ,                         ,                           ,                                   , False                    ,                 , False           ,                    ,             , False       , False            ,                        , False                  , 965549                     , 2026-05-22 22:07:31.063, False             , False               ,                    ,               ,                       ,                                                        ,                 , False       , False           ,                 ,                     , bibianaa885@yahoo.com            ,                 ,                                                                                                                                                                                                                   , CARTERA
  2007, 1300099600002007,                  96.0,                   5549.0, 0001-01-01            ,                    ,                         ,              ,                   ,                    , 2014-02-07          , 9                   , PROPUESTA                ,                ,                      ,                  ,                 ,                           ,                 ,                 ,                 , ACTIVE     ,     7807275,      30233885,             1,                         0, BIBIANA CARDENAS ARBELAEZ                                     , Cedula Ciudadania   ,                         ,                           ,                                   , False                    ,                 , False           ,                    ,             , False       , False            ,                        , False                  , 965549                     , 2026-05-22 22:07:31.063, False             , False               ,                    ,               ,                       ,                                                        ,                 , False       , False           ,                 ,                     , bibianaa885@yahoo.com            ,                 ,                                                                                                                                                                                                                   , CARTERA
  2130, 1300099600002130,                  96.0,                   1567.0, 0001-01-01            ,                    ,                         ,              ,                   ,                    , 2014-02-08          , A                   , OTRO                     ,                ,                      ,                  ,                 ,                           ,                 ,                 ,                 , ACTIVE     ,     3824035,      10253115,             1,                         0, CESAR AUGUSTO PELAEZ RAMIREZ                                  , Cedula Ciudadania   ,                         ,                           ,                                   , False                    ,                 , False           ,                    ,             , False       , False            ,                        , False                  , 961567                     , 2026-05-22 22:07:31.063, False             , False               ,                    ,               ,                       ,                                                        ,                 , False       , False           ,                 ,                     , cesar.ramirez115@bbva.com.co     ,                 ,                                                                                                                                                                                                                   , CARTERA
  2262, 1300099600002262,                  96.0,                   3127.0, 0001-01-01            ,                    ,                         ,              ,                   ,                    , 2019-11-23          , A                   , OTRO                     ,                ,                      ,                  ,                 ,                           ,                 ,                 ,                 , ACTIVE     ,     7851327,      75092209,             1,                         0, EDWIN HANEY PINZON RIVAS                                      , Cedula Ciudadania   ,                         ,                           ,                                   , False                    ,                 , False           ,                    ,             , False       , False            ,                        , False                  , 963127                     , 2026-05-22 22:07:31.063, False             , False               ,                    ,               ,                       ,                                                        ,                 , False       , False           ,                 ,                     , erivas209@gmail.com              ,                 ,                                                                                                                                                                                                                   , CARTERA
  2288, 1300099600002288,                  96.0,                   5355.0, 0001-01-01            ,                    ,                         ,              ,                   ,                    , 2019-11-23          , A                   , OTRO                     ,                ,                      ,                  ,                 ,                           ,                 ,                 ,                 , ACTIVE     ,     5542358,      30397817,             1,                         0, SANDRA VIVIANA CORREA GIRALDO                                 , Cedula Ciudadania   ,                         ,                           ,                                   , False                    ,                 , False           ,                    ,             , False       , False            ,                        , False                  , 965355                     , 2026-05-22 22:07:31.063, False             , False               ,                    ,               ,                       ,                                                        ,                 , False       , False           ,                 ,                     , sandra.giraldo817@protonmail.com ,                 ,                                                                                                                                                                                                                   , CARTERA
  2304, 1300099600002304,                  96.0,                   5571.0, 0001-01-01            ,                    ,                         ,              ,                   ,                    , 2019-11-23          , A                   , ACTIVO                   ,                ,                      ,                  ,                 ,                           ,                 ,                 ,                 , ACTIVE     ,     3128991,      75082771,             1,                         0, CARLOS ARTURO HUERTAS LOPEZ                                   , Cedula Ciudadania   ,                         ,                           ,                                   , False                    ,                 , True            ,               480.0, 2025-05-25  , True        , False            ,                        , False                  , 965571                     , 2026-05-22 22:07:31.063, False             , False               ,                    ,               ,                       ,                                                        ,                 , False       , False           , 2028-01-10      ,                     , carlos.lopez771@live.com         ,                 ,                                                                                                                                                                                                                   , CARTERA
  2312, 1300099600002312,                  96.0,                   2538.0, 0001-01-01            ,                    ,                         ,              ,                   ,                    , 2014-02-19          , A                   , ACTIVO                   ,                ,                      ,                  ,                 ,                           ,                 ,                 ,                 , ACTIVE     ,     7851843,      30373938,             1,                         0, ADRIANA MARIA ARIAS GALLEGO                                   , Cedula Ciudadania   ,                         ,                           ,                                   , False                    ,                 , True            ,               480.0, 2025-05-25  , True        , False            ,                        , False                  , 962538                     , 2026-05-22 22:07:31.063, True              , False               ,                    ,               ,                       ,                                                        ,                 , False       , False           , 2028-01-10      ,                     , adrianag938@protonmail.com       ,                 ,                                                                                                                                                                                                                   , CARTERA
  2320, 1300099600002320,                  96.0,                   5549.0, 0001-01-01            ,                    ,                         ,              ,                   ,                    , 2014-02-14          , A                   , ACTIVO                   ,                ,                      ,                  ,                 ,                           ,                 ,                 ,                 , ACTIVE     ,      203498,      10283646,             1,                         0, XAVIER ALONSO BUITRAGO BONILLA                                , Cedula Ciudadania   , 2025-05-13              ,                     1234.0, BANCA INVERSIONES COMPRA CART. SAS, True                     ,                 , False           ,                    ,             , False       , False            ,                        , False                  , 965549                     , 2026-05-22 22:07:31.063, False             , False               ,                    ,               ,                       ,                                                        ,                 , False       , False           ,                 ,                     , xbonilla646@protonmail.com       ,                 ,                                                                                                                                                                                                                   , CARTERA
  2429, 1300099600002429,                  96.0,                   1564.0, 0001-01-01            ,                    ,                         ,              ,                   ,                    , 2014-02-24          , A                   , ACTIVO                   ,                ,                      ,                  ,                 ,                           ,                 ,                 ,                 , ACTIVE     ,     7854192,      24338535,             1,                         0, KARLA JOHANNA GONZALEZ PEREZ                                  , Cedula Ciudadania   , 2026-03-30              ,                     1234.0, BANCA INVERSIONES COMPRA CART. SAS, True                     , 2026-04-30      , True            ,                    ,             , False       , False            ,                        , False                  , 961564                     , 2026-05-22 22:07:31.063, False             , False               ,                    ,               ,                       ,                                                        ,                 , False       , False           ,                 , 2036-04-30          , kperez535@hotmail.com            ,                 ,                                                                                                                                                                                                                   , CARTERA
  2460, 1300099600002460,                  96.0,                   5549.0, 0001-01-01            ,                    ,                         ,              ,                   ,                    , 2019-11-23          , A                   , OTRO                     ,                ,                      ,                  ,                 ,                           ,                 ,                 ,                 , ACTIVE     ,     6970907,      34000290,             1,                         0, PAULA ANDREA PEREZ                                            , Cedula Ciudadania   ,                         ,                           ,                                   , False                    ,                 , False           ,                    ,             , False       , False            ,                        , False                  , 965549                     , 2026-05-22 22:07:31.063, False             , False               ,                    ,               ,                       ,                                                        ,                 , False       , False           ,                 ,                     , paula.perez290@yahoo.com         ,                 ,                                                                                                                                                                                                                   , CARTERA
350611, 1303505000761102,                      ,                         , 0001-01-01            ,                    ,                         ,              ,                   ,                    ,                     ,                     ,                          ,        492489.0, IR                   ,                  ,                 ,                           ,                 ,                 ,                 , TDC        ,    12546566,        185674,             5,                         0, JUAN ANTONIO SALGADO SALGADO                                  , Pasaporte           ,                         ,                           ,                                   , False                    ,                 , False           ,                    ,             , False       , False            ,                        , False                  ,                            , 2026-05-22 22:13:07.533, False             , False               ,                    ,               ,                       ,                                                        ,                 , False       , False           ,                 ,                     , jsalgado674@icloud.com           ,                 ,                                                                                                                                                                                                                   , 
391009, 1303915001100988,                      ,                         , 0001-01-01            ,                    ,                         ,              ,                   ,                    ,                     ,                     ,                          ,        492489.0, IR                   ,                  ,                 ,                           ,                 ,                 ,                 , TDC        ,     2303677,        206865,             2,                         0, JOEL DOGLIONI                                                 , Cedula Extranjeria  ,                         ,                           ,                                   , False                    ,                 , False           ,                    ,             , False       , False            ,                        , False                  ,                            , 2026-05-22 22:13:07.533, False             , False               ,                    ,               ,                       ,                                                        ,                 , False       , False           ,                 ,                     , joeld865@hotmail.com             ,                 ,                                                                                                                                                                                                                   , 
627212, 1306275000921216,                      ,                         , 0001-01-01            ,                    ,                         ,              ,                   ,                    ,                     ,                     ,                          ,        404280.0, N1                   ,                  ,                 ,                           ,                 ,                 ,                 , TDC        ,    12683586,        241793,             2,                         0, ANDREA FABIANA HAEDO                                          , Cedula Extranjeria  ,                         ,                           ,                                   , False                    ,                 , False           ,                    ,             , False       , False            ,                        , False                  ,                            , 2026-05-22 22:13:07.533, False             , False               ,                    ,               ,                       ,                                                        ,                 , False       , False           ,                 ,                     , andrea.f.haedo793@icloud.com     ,                 ,                                                                                                                                                                                                                   , 
187512, 1301875000951231,                      ,                         , 0001-01-01            ,                    ,                         ,              ,                   ,                    ,                     ,                     ,                          ,        404280.0, N1                   ,                  ,                 ,                           ,                 ,                 ,                 , TDC        ,     1961926,        250714,             2,                         0, LUIS ANTONIO VEGA PILCO                                       , Cedula Extranjeria  ,                         ,                           ,                                   , False                    ,                 , False           ,                    ,             , False       , False            ,                        , False                  ,                            , 2026-05-22 22:13:07.533, False             , False               ,                    ,               ,                       ,                                                        ,                 , False       , False           ,                 ,                     , lpilco714@live.com               ,                 ,                                                                                                                                                                                                                   , 
479038, 1304795001403809,                      ,                         , 0001-01-01            ,                    ,                         ,              ,                   ,                    ,                     ,                     ,                          ,        404280.0, NY                   , 2025-11-27       ,                 ,                           ,                 ,                 ,                 , TDC        ,      881979,        252876,             2,                         0, RITA DEL CARMEN DAVILA JIJON                                  , Cedula Extranjeria  ,                         ,                           ,                                   , False                    ,                 , False           ,                    ,             , False       , False            ,                        , False                  ,                            , 2026-05-22 22:13:07.533, False             , False               ,                    ,               ,                       ,                                                        ,                 , False       , False           ,                 ,                     , rita_jijon876@hotmail.com        ,                 ,                                                                                                                                                                                                                   , 
158021, 1301585016102149,                      ,                         , 0001-01-01            ,                    ,                         ,              ,                   ,                    ,                     ,                     ,                          ,        404280.0, N1                   ,                  ,                 ,                           ,                 ,                 ,                 , TDC        ,    14605920,        255565,             1,                         0, JAIRO ENRIQUE TORRES SOLER                                    , Cedula Ciudadania   ,                         ,                           ,                                   , False                    ,                 , False           ,                    ,             , False       , False            ,                        , False                  ,                            , 2026-05-22 22:13:07.533, False             , False               ,                    ,               ,                       ,                                                        ,                 , False       , False           ,                 ,                     , jsoler565@hotmail.com            ,                 ,                                                                                                                                                                                                                   , 
 66381, 1300665000738139,                      ,                         , 0001-01-01            ,                    ,                         ,              ,                   ,                    ,                     ,                     ,                          ,        450407.0, HW                   ,                  ,                 ,                           ,                 ,                 ,                 , TDC        ,    12202815,        261823,             1,                         0, HECTOR HERNAN BEJARANO BELTRAN                                , Cedula Ciudadania   ,                         ,                           ,                                   , False                    ,                 , False           ,                    ,             , False       , False            ,                        , False                  ,                            , 2026-05-22 22:13:07.533, False             , False               ,                    ,               ,                       ,                                                        ,                 , False       , False           ,                 ,                     , hbeltran823@bbva.com.co          ,                 ,                                                                                                                                                                                                                   , 
323744, 1303235001774470,                      ,                         , 0001-01-01            ,                    ,                         ,              ,                   ,                    ,                     ,                     ,                          ,        404280.0, N1                   ,                  ,                 ,                           ,                 ,                 ,                 , TDC        ,     8452569,        276506,             2,                         0, EDWIN RAUL DIAZ MALDONADO                                     , Cedula Extranjeria  ,                         ,                           ,                                   , False                    ,                 , False           ,                    ,             , False       , False            ,                        , False                  ,                            , 2026-05-22 22:13:07.533, False             , False               ,                    ,               ,                       ,                                                        ,                 , False       , False           ,                 ,                     , emaldonado506@live.com           ,                 ,                                                                                                                                                                                                                   , 
362158, 1303625001615824,                      ,                         , 0001-01-01            ,                    ,                         ,              ,                   ,                    ,                     ,                     ,                          ,        492489.0, IR                   ,                  ,                 ,                           ,                 ,                 ,                 , TDC        ,       14978,        281744,             1,                         0, ALVARO PENA ALFONSO                                           , Cedula Ciudadania   ,                         ,                           ,                                   , False                    ,                 , False           ,                    ,             , False       , False            ,                        , False                  ,                            , 2026-05-22 22:13:07.533, False             , False               ,                    ,               ,                       ,                                                        ,                 , False       , False           ,                 ,                     , alvaro.alfonso744@live.com       ,                 ,                                                                                                                                                                                                                   , 
863669, 1308635000566972,                      ,                         , 0001-01-01            ,                    ,                         ,              ,                   ,                    ,                     ,                     ,                          ,        553643.0, 61                   ,                  ,                 ,                           ,                 ,                 ,                 , TDC        ,    10398434,        289805,             2,                         0, DONGMEI CHEN                                                  , Cedula Extranjeria  ,                         ,                           ,                                   , False                    ,                 , False           ,                    ,             , False       , False            ,                        , False                  ,                            , 2026-05-22 22:13:07.533, False             , False               ,                    ,               ,                       ,                                                        ,                 , False       , False           ,                 ,                     , dongmei_chen805@yahoo.com        ,                 ,                                                                                                                                                                                                                   , 
158154, 1301585015315445,                      ,                         , 0001-01-01            ,                    ,                         ,              ,                   ,                    ,                     ,                     ,                          ,        404280.0, N1                   ,                  ,                 ,                           ,                 ,                 ,                 , TDC        ,    12769909,        308897,             2,                         0, LUIS VELASQUEZ VERA                                           , Cedula Extranjeria  ,                         ,                           ,                                   , False                    ,                 , False           ,                    ,             , False       , False            ,                        , False                  ,                            , 2026-05-22 22:13:07.533, False             , False               ,                    ,               ,                       ,                                                        ,                 , False       , False           ,                 ,                     , luis.v.vera897@gmail.com         ,                 ,                                                                                                                                                                                                                   , 
904291, 1309045001729117,                      ,                         , 0001-01-01            ,                    ,                         ,              ,                   ,                    ,                     ,                     ,                          ,        492489.0, IR                   ,                  ,                 ,                           ,                 ,                 ,                 , TDC        ,     9787146,        331341,             2,                         0, FRANCISCO ORDAZ URRUTIA                                       , Cedula Extranjeria  ,                         ,                           ,                                   , False                    ,                 , False           ,                    ,             , False       , False            ,                        , False                  ,                            , 2026-05-22 22:13:07.533, False             , False               ,                    ,               ,                       ,                                                        ,                 , False       , False           ,                 ,                     , franciscou341@protonmail.com     ,                 ,                                                                                                                                                                                                                   , 
393433, 1303935000543350,                      ,                         , 0001-01-01            ,                    ,                         ,              ,                   ,                    ,                     ,                     ,                          ,        450407.0, HW                   ,                  ,                 ,                           ,                 ,                 ,                 , TDC        ,     3684709,        334823,             1,                         0, MAURICIO CRUZ ROMERO                                          , Cedula Ciudadania   ,                         ,                           ,                                   , False                    ,                 , False           ,                    ,             , False       , False            ,                        , False                  ,                            , 2026-05-22 22:13:07.533, False             , False               ,                    ,               ,                       ,                                                        ,                 , False       , False           ,                 ,                     , mauricior823@bbva.com.co         ,                 ,                                                                                                                                                                                                                   , 
510011, 1305105000801152,                      ,                         , 0001-01-01            ,                    ,                         ,              ,                   ,                    ,                     ,                     ,                          ,        553643.0, 61                   ,                  ,                 ,                           ,                 ,                 ,                 , TDC        ,     8736389,        339404,             2,                         0, BERTA PILAR ALVAREZ PEREZ                                     , Cedula Extranjeria  ,                         ,                           ,                                   , False                    ,                 , False           ,                    ,             , False       , False            ,                        , False                  ,                            , 2026-05-22 22:13:07.533, False             , False               ,                    ,               ,                       ,                                                        ,                 , False       , False           ,                 ,                     , berta.p.perez404@outlook.com     ,                 ,                                                                                                                                                                                                                   , 
642861, 1306425000686182,                      ,                         , 0001-01-01            ,                    ,                         ,              ,                   ,                    ,                     ,                     ,                          ,        492489.0, IR                   ,                  ,                 ,                           ,                 ,                 ,                 , TDC        ,     6101972,        346004,             2,                         0, SANTOS GARCIA SANCHEZ                                         , Cedula Extranjeria  ,                         ,                           ,                                   , False                    ,                 , False           ,                    ,             , False       , False            ,                        , False                  ,                            , 2026-05-22 22:13:07.533, False             , False               ,                    ,               ,                       ,                                                        ,                 , False       , False           ,                 ,                     , ssanchez004@live.com             ,                 ,                                                                                                                                                                                                                   , 
 47511, 1300475000551148,                      ,                         , 0001-01-01            ,                    ,                         ,              ,                   ,                    ,                     ,                     ,                          ,        518761.0, KS                   ,                  ,                 ,                           ,                 ,                 ,                 , TDC        ,       16166,        347806,             1,                         0, ARMANDO DIMATE DIAZ                                           , Cedula Ciudadania   ,                         ,                           ,                                   , False                    ,                 , False           ,                    ,             , False       , False            ,                        , False                  ,                            , 2026-05-22 22:13:07.533, False             , False               ,                    ,               ,                       ,                                                        ,                 , False       , False           ,                 ,                     , adiaz806@outlook.com             ,                 ,                                                                                                                                                                                                                   , 
710779, 1317105003077907,                      ,                         , 0001-01-01            ,                    ,                         ,              ,                   ,                    ,                     ,                     ,                          ,        450407.0, VD                   ,                  ,                 ,                           ,                 ,                 ,                 , TDC        ,     6467380,        351343,             1,                         0, JOSE ERNESTO LOPEZ                                            , Cedula Ciudadania   ,                         ,                           ,                                   , False                    ,                 , False           ,                    ,             , False       , False            ,                        , False                  ,                            , 2026-05-22 22:13:07.533, False             , False               ,                    ,               ,                       ,                                                        ,                 , False       , False           ,                 ,                     , jose.lopez343@hotmail.com        ,                 ,                                                                                                                                                                                                                   , 
241707, 1302415000470772,                      ,                         , 0001-01-01            ,                    ,                         ,              ,                   ,                    ,                     ,                     ,                          ,        553643.0, 61                   , 2025-02-17       ,                 ,                           ,                 ,                 ,                 , TDC        ,     8241415,        355642,             2,                         0, MAURO ANDRES TROSSERO                                         , Cedula Extranjeria  ,                         ,                           ,                                   , False                    ,                 , False           ,                    ,             , False       , False            ,                        , False                  ,                            , 2026-05-22 22:13:07.533, False             , False               ,                    ,               ,                       ,                                                        ,                 , False       , False           ,                 ,                     , mtrossero642@live.com            ,                 ,                                                                                                                                                                                                                   , 
418896, 1304185001089669,                      ,                         , 0001-01-01            ,                    ,                         ,              ,                   ,                    ,                     ,                     ,                          ,        548115.0, 72                   ,                  ,                 ,                           ,                 ,                 ,                 , TDC        ,    10182988,        360542,             2,                         0, ENRIQUE ANDRES MORATA SILVA                                   , Cedula Extranjeria  ,                         ,                           ,                                   , False                    ,                 , False           ,                    ,             , False       , False            ,                        , False                  ,                            , 2026-05-22 22:13:07.533, False             , False               ,                    ,               ,                       ,                                                        ,                 , False       , False           ,                 ,                     , enrique.silva542@bbva.com.co     ,                 ,                                                                                                                                                                                                                   , 
 47781, 1300475000578182,                      ,                         , 0001-01-01            ,                    ,                         ,              ,                   ,                    ,                     ,                     ,                          ,        450407.0, HW                   ,                  ,                 ,                           ,                 ,                 ,                 , TDC        ,     6635925,        365826,             2,                         0, CARLOS OMAR ROJAS SANCHEZ                                     , Cedula Extranjeria  ,                         ,                           ,                                   , False                    ,                 , False           ,                    ,             , False       , False            ,                        , False                  ,                            , 2026-05-22 22:13:07.533, False             , False               ,                    ,               ,                       ,                                                        ,                 , False       , False           ,                 ,                     , carloss826@hotmail.com           ,                 ,                                                                                                                                                                                                                   , 
158372, 1301585017737240,                      ,                         , 0001-01-01            ,                    ,                         ,              ,                   ,                    ,                     ,                     ,                          ,        492489.0, IR                   ,                  ,                 ,                           ,                 ,                 ,                 , TDC        ,     7221500,        370672,             2,                         0, BENJAMIN CASTRO CUESTA                                        , Cedula Extranjeria  ,                         ,                           ,                                   , False                    ,                 , False           ,                    ,             , False       , False            ,                        , False                  ,                            , 2026-05-22 22:13:07.533, False             , False               ,                    ,               ,                       ,                                                        ,                 , False       , False           ,                 ,                     , bcuesta672@gmail.com             ,                 ,                                                                                                                                                                                                                   , 
317621, 1303175000862118,                      ,                         , 0001-01-01            ,                    ,                         ,              ,                   ,                    ,                     ,                     ,                          ,        450407.0, HW                   ,                  ,                 ,                           ,                 ,                 ,                 , TDC        ,     8678916,        374752,             2,                         0, SANDRA LUZ PARADA PALOMINO                                    , Cedula Extranjeria  ,                         ,                           ,                                   , False                    ,                 , False           ,                    ,             , False       , False            ,                        , False                  ,                            , 2026-05-22 22:13:07.533, False             , False               ,                    ,               ,                       ,                                                        ,                 , False       , False           ,                 ,                     , sandra.palomino752@hotmail.com   ,                 ,                                                                                                                                                                                                                   , 
334410, 1303345000541067,                      ,                         , 0001-01-01            ,                    ,                         ,              ,                   ,                    ,                     ,                     ,                          ,        492489.0, IR                   ,                  ,                 ,                           ,                 ,                 ,                 , TDC        ,     7226649,        375166,             2,                         0, RAMON OSCAR QUINTERO                                          , Cedula Extranjeria  ,                         ,                           ,                                   , False                    ,                 , False           ,                    ,             , False       , False            ,                        , False                  ,                            , 2026-05-22 22:13:07.533, False             , False               ,                    ,               ,                       ,                                                        ,                 , False       , False           ,                 ,                     , ramon.o.quintero166@icloud.com   ,                 ,                                                                                                                                                                                                                   , 
158799, 1301585017079981,                      ,                         , 0001-01-01            ,                    ,                         ,              ,                   ,                    ,                     ,                     ,                          ,        492489.0, IR                   ,                  ,                 ,                           ,                 ,                 ,                 , TDC        ,    10345466,        381408,             2,                         0, GABRIELA ZORE RANOWSKY GONZALEZ                               , Cedula Extranjeria  ,                         ,                           ,                                   , False                    ,                 , False           ,                    ,             , False       , False            ,                        , False                  ,                            , 2026-05-22 22:13:07.533, False             , False               ,                    ,               ,                       ,                                                        ,                 , False       , False           ,                 ,                     , gabriela.z.gonzalez408@yahoo.com ,                 ,                                                                                                                                                                                                                   , 
 94099, 1300945002009923,                      ,                         , 0001-01-01            ,                    ,                         ,              ,                   ,                    ,                     ,                     ,                          ,        450408.0, IY                   ,                  ,                 ,                           ,                 ,                 ,                 , TDC        ,     2250330,        385715,             1,                         0, FLAMINIO HUERFANO PINEROS                                     , Cedula Ciudadania   ,                         ,                           ,                                   , False                    ,                 , False           ,                    ,             , False       , False            ,                        , False                  ,                            , 2026-05-22 22:13:07.533, False             , False               ,                    ,               ,                       ,                                                        ,                 , False       , False           ,                 ,                     , flaminio_pineros715@live.com     ,                 ,                                                                                                                                                                                                                   , 
518927, 1305185000892708,                      ,                         , 0001-01-01            ,                    ,                         ,              ,                   ,                    ,                     ,                     ,                          ,        404280.0, N1                   , 2022-11-10       ,                 ,                           ,                 ,                 ,                 , TDC        ,     9284397,        387042,             2,                         0, ANGEL FERNANDEZ MANSILLA                                      , Cedula Extranjeria  ,                         ,                           ,                                   , False                    ,                 , False           ,                    ,             , False       , False            ,                        , False                  ,                            , 2026-05-22 22:13:07.533, False             , False               ,                    ,               ,                       ,                                                        ,                 , False       , False           ,                 ,                     , angelm042@icloud.com             ,                 ,                                                                                                                                                                                                                   , 
619623, 1306195000062383,                      ,                         , 0001-01-01            ,                    ,                         ,              ,                   ,                    ,                     ,                     ,                          ,        492489.0, IR                   ,                  ,                 ,                           ,                 ,                 ,                 , TDC        ,     8746837,        387189,             2,                         0, SEBASTIAN ANGEL DECOUD                                        , Cedula Extranjeria  ,                         ,                           ,                                   , False                    ,                 , False           ,                    ,             , False       , False            ,                        , False                  ,                            , 2026-05-22 22:13:07.533, False             , False               ,                    ,               ,                       ,                                                        ,                 , False       , False           ,                 ,                     , sebastian.a.decoud189@hotmail.com,                 ,                                                                                                                                                                                                                   , 
781774, 1307815000077482,                      ,                         , 0001-01-01            ,                    ,                         ,              ,                   ,                    ,                     ,                     ,                          ,        492489.0, IR                   ,                  ,                 ,                           ,                 ,                 ,                 , TDC        ,     7311556,        388018,             2,                         0, CLAUDIO NORBERTO PALACIOS                                     , Cedula Extranjeria  ,                         ,                           ,                                   , False                    ,                 , False           ,                    ,             , False       , False            ,                        , False                  ,                            , 2026-05-22 22:13:07.533, False             , False               ,                    ,               ,                       ,                                                        ,                 , False       , False           ,                 ,                     , claudio_palacios018@outlook.com  ,                 ,                                                                                                                                                                                                                   , 
158464, 1301585016846497,                      ,                         , 0001-01-01            ,                    ,                         ,              ,                   ,                    ,                     ,                     ,                          ,        492489.0, IR                   ,                  ,                 ,                           ,                 ,                 ,                 , TDC        ,     7527285,        389372,             2,                         0, JORGE ALBERTO FLORES                                          , Cedula Extranjeria  ,                         ,                           ,                                   , False                    ,                 , False           ,                    ,             , False       , False            ,                        , False                  ,                            , 2026-05-22 22:13:07.533, False             , False               ,                    ,               ,                       ,                                                        ,                 , False       , False           ,                 ,                     , jorge_flores372@protonmail.com   ,                 ,                                                                                                                                                                                                                   , 
158480, 1301585016848071,                      ,                         , 0001-01-01            ,                    ,                         ,              ,                   ,                    ,                     ,                     ,                          ,        492489.0, IR                   ,                  ,                 ,                           ,                 ,                 ,                 , TDC        ,     7527285,        389372,             2,                         0, JORGE ALBERTO FLORES                                          , Cedula Extranjeria  ,                         ,                           ,                                   , False                    ,                 , False           ,                    ,             , False       , False            ,                        , False                  ,                            , 2026-05-22 22:13:07.533, False             , False               ,                    ,               ,                       ,                                                        ,                 , False       , False           ,                 ,                     , jorge_flores372@protonmail.com   ,                 ,                                                                                                                                                                                                                   , 
  1723, 1305580100001723,                   1.0,                      1.0, 1957-11-15            , A                  , ACTIVA                  , 0            , SIN BLOQUEO       , S                  ,                     ,                     ,                          ,                ,                      ,                  ,                 ,                           ,                 ,                 ,                 , PASIVE     ,      168585,       8222303,             1,                         0, OVIDIO MEDINA                                                 , Cedula Ciudadania   ,                         ,                           ,                                   , False                    ,                 , False           ,                    ,             , False       , False            ,                        , False                  , 010001                     , 2026-05-22 21:57:14.523, False             , False               ,                    ,               ,                       ,                                                        ,                 , False       , False           ,                 ,                     , ovidio.medina303@outlook.com     ,                 ,                                                                                                                                                                                                                   , CTA CORRIENTE
456684, 1305580100456684,                   1.0,                      1.0, 1958-02-21            , A                  , ACTIVA                  , 0            , SIN BLOQUEO       , M                  ,                     ,                     ,                          ,                ,                      ,                  ,                 ,                           ,                 ,                 ,                 , PASIVE     ,      456821,       6548760,             1,                         0, PEPITO PEREZ                                                  , Cedula Ciudadania   ,                         ,                           ,                                   , False                    ,                 , False           ,                    ,             , False       , False            ,                        , False                  ,                            , 2026-05-22 21:57:14.523, False             , False               ,                    ,               ,                       ,                                                        ,                 ,             ,                 ,                 ,                     ,                                  ,                 ,                                                                                                                                                                                                                   , CTA CORRIENTE
212536, 1306400100212536,                   1.0,                      1.0, 1918-10-31            , A                  , ACTIVA                  , 0            , SIN BLOQUEO       , M                  ,                     ,                     ,                          ,                ,                      ,                  ,                 ,                           ,                 ,                 ,                 , PASIVE     ,     1214447,       4442917,             1,                         0, HECTOR HELI GIRALDO MONTES                                    , Cedula Ciudadania   ,                         ,                           ,                                   , False                    ,                 , False           ,                    ,             , False       , False            ,                        , False                  , 010001                     , 2026-05-22 21:57:14.523, False             , False               ,                    ,               ,                       ,                                                        ,                 , False       , False           ,                 ,                     , hector_montes917@yahoo.com       ,                 ,                                                                                                                                                                                                                   , CTA CORRIENTE
105840, 1301340100105840,                   1.0,                      1.0, 1956-01-01            , A                  , ACTIVA                  , 0            , SIN BLOQUEO       , M                  ,                     ,                     ,                          ,                ,                      ,                  ,                 ,                           ,                 ,                 ,                 , PASIVE     ,       75507,       3249034,             1,                         0, CARLOS EDUARDO HUERTAS CASTANEDA                              , Cedula Ciudadania   ,                         ,                           ,                                   , False                    ,                 , False           ,                    ,             , False       , False            ,                        , False                  , 010001                     , 2026-05-22 21:57:14.523, False             , False               ,                    ,               ,                       ,                                                        ,                 , False       , False           ,                 ,                     , ccastaneda034@bbva.com.co        ,                 ,                                                                                                                                                                                                                   , CTA CORRIENTE
 13105, 1309400200013105,                   2.0,                      2.0, 1956-01-01            , C                  , CANCELADA               , 0            , SIN BLOQUEO       , S                  ,                     ,                     ,                          ,                ,                      ,                  ,                 ,                           ,                 ,                 ,                 , PASIVE     ,      111964,       5091425,             1,                         0, PEDRO EMILIO SANTANA CONTRERAS                                , Cedula Ciudadania   ,                         ,                           ,                                   , False                    ,                 , False           ,                    ,             , False       , False            ,                        , False                  , 020002                     , 2026-05-22 21:57:14.523, False             , False               ,                    ,               ,                       ,                                                        ,                 , False       , False           ,                 ,                     , pedro.contreras425@protonmail.com,                 ,                                                                                                                                                                                                                   , AHORROS
163003, 1300520100163003,                   1.0,                      1.0, 1956-01-01            , C                  , CANCELADA               , 0            , SIN BLOQUEO       , S                  ,                     ,                     ,                          ,                ,                      ,                  ,                 ,                           ,                 ,                 ,                 , PASIVE     ,      173575,       8386712,             1,                         0, JESUS ANTONIO LOPERA LOPERA                                   , Cedula Ciudadania   ,                         ,                           ,                                   , False                    ,                 , False           ,                    ,             , False       , False            ,                        , False                  , 010001                     , 2026-05-22 21:57:14.523, False             , False               ,                    ,               ,                       ,                                                        ,                 , False       , False           ,                 ,                     , jesus.a.lopera712@outlook.com    ,                 ,                                                                                                                                                                                                                   , CTA CORRIENTE
 98623, 1301340100098623,                   1.0,                      1.0, 1956-01-01            , A                  , ACTIVA                  , 0            , SIN BLOQUEO       , M                  ,                     ,                     ,                          ,                ,                      ,                  ,                 ,                           ,                 ,                 ,                 , PASIVE     ,     1837593,      10099396,             1,                         0, SILVIO RAMIREZ CARDENAS                                       , Cedula Ciudadania   ,                         ,                           ,                                   , False                    ,                 , False           ,                    ,             , False       , False            ,                        , False                  , 010001                     , 2026-05-22 21:57:14.523, False             , False               ,                    ,               ,                       ,                                                        ,                 , False       , False           ,                 ,                     , silvioc396@hotmail.com           ,                 ,                                                                                                                                                                                                                   , CTA CORRIENTE
 69772, 1301340100069772,                   1.0,                      1.0, 1956-01-01            , A                  , ACTIVA                  , 0            , SIN BLOQUEO       , M                  ,                     ,                     ,                          ,                ,                      ,                  ,                 ,                           ,                 ,                 ,                 , PASIVE     ,     1837581,      17132404,             1,                         0, LUIS RODRIGUEZ OSORIO                                         , Cedula Ciudadania   ,                         ,                           ,                                   , False                    ,                 , False           ,                    ,             , False       , False            ,                        , False                  , 010001                     , 2026-05-22 21:57:14.523, False             , False               ,                    ,               ,                       ,                                                        ,                 , False       , False           ,                 ,                     , luis.osorio404@hotmail.com       ,                 ,                                                                                                                                                                                                                   , CTA CORRIENTE
106160, 1301340100106160,                   1.0,                      1.0, 1956-01-01            , C                  , CANCELADA               , 0            , SIN BLOQUEO       , N                  ,                     ,                     ,                          ,                ,                      ,                  ,                 ,                           ,                 ,                 ,                 , PASIVE     ,      340450,      19192702,             1,                         0, PEDRO JESUS SANDOVAL ORTIZ                                    , Cedula Ciudadania   ,                         ,                           ,                                   , False                    ,                 , False           ,                    ,             , False       , False            ,                        , False                  , 010001                     , 2026-05-22 21:57:14.523, False             , False               ,                    ,               ,                       ,                                                        ,                 , False       , False           ,                 ,                     , portiz702@icloud.com             ,                 ,                                                                                                                                                                                                                   , CTA CORRIENTE
 39395, 1300920100039395,                   1.0,                      1.0, 1956-01-01            , C                  , CANCELADA               , 0            , SIN BLOQUEO       , S                  ,                     ,                     ,                          ,                ,                      ,                  ,                 ,                           ,                 ,                 ,                 , PASIVE     ,      535465,      32667108,             1,                         0, CARMEN CECILIA DIAZ GRANADOS TORRES                           , Cedula Ciudadania   ,                         ,                           ,                                   , False                    ,                 , False           ,                    ,             , False       , False            ,                        , False                  , 010001                     , 2026-05-22 21:57:14.523, False             , False               ,                    ,               ,                       ,                                                        ,                 , False       , False           ,                 ,                     , carmen.c.torres108@outlook.com   ,                 ,                                                                                                                                                                                                                   , CTA CORRIENTE
105097, 1301340100105097,                   1.0,                      1.0, 1956-01-01            , A                  , ACTIVA                  , 0            , SIN BLOQUEO       , M                  ,                     ,                     ,                          ,                ,                      ,                  ,                 ,                           ,                 ,                 ,                 , PASIVE     ,     1837601,      71240001,             1,                         0, JOEL ZULUAGA BOTERO                                           , Cedula Ciudadania   ,                         ,                           ,                                   , False                    ,                 , False           ,                    ,             , False       , False            ,                        , False                  , 010001                     , 2026-05-22 21:57:14.523, False             , False               ,                    ,               ,                       ,                                                        ,                 , False       , False           ,                 ,                     , joelb001@icloud.com              ,                 ,                                                                                                                                                                                                                   , CTA CORRIENTE
 66541, 1309400100066541,                   1.0,                      1.0, 1956-01-01            , C                  , CANCELADA               , 0            , SIN BLOQUEO       , S                  ,                     ,                     ,                          ,                ,                      ,                  ,                 ,                           ,                 ,                 ,                 , PASIVE     ,      779290,      77030466,             1,                         0, JAIME BERKELEY GAMEZ                                          , Cedula Ciudadania   ,                         ,                           ,                                   , False                    ,                 , False           ,                    ,             , False       , False            ,                        , False                  , 010001                     , 2026-05-22 21:57:14.523, False             , False               ,                    ,               ,                       ,                                                        ,                 , False       , False           ,                 ,                     , jaimeg466@icloud.com             ,                 ,                                                                                                                                                                                                                   , CTA CORRIENTE
162829, 1301970100162829,                   1.0,                      1.0, 1956-01-01            , C                  , CANCELADA               , 0            , SIN BLOQUEO       , N                  ,                     ,                     ,                          ,                ,                      ,                  ,                 ,                           ,                 ,                 ,                 , PASIVE     ,      857192,      91258524,             1,                         0, JUAN PABLO CABANZO LOPEZ                                      , Cedula Ciudadania   ,                         ,                           ,                                   , False                    ,                 , False           ,                    ,             , False       , False            ,                        , False                  , 010001                     , 2026-05-22 21:57:14.523, False             , False               ,                    ,               ,                       ,                                                        ,                 , False       , False           ,                 ,                     , jlopez524@outlook.com            ,                 ,                                                                                                                                                                                                                   , CTA CORRIENTE
270747, 1301970100270747,                   1.0,                      1.0, 1956-01-01            , C                  , CANCELADA               , 0            , SIN BLOQUEO       , S                  ,                     ,                     ,                          ,                ,                      ,                  ,                 ,                           ,                 ,                 ,                 , PASIVE     ,      859704,      91340158,             1,                         0, RAIMUNDO DUARTE DIAZ                                          , Cedula Ciudadania   ,                         ,                           ,                                   , False                    ,                 , False           ,                    ,             , False       , False            ,                        , False                  , 010001                     , 2026-05-22 21:57:14.523, False             , False               ,                    ,               ,                       ,                                                        ,                 , False       , False           ,                 ,                     , rdiaz158@hotmail.com             ,                 ,                                                                                                                                                                                                                   , CTA CORRIENTE
 57429, 1300520100057429,                   1.0,                      1.0, 1956-01-01            , C                  , CANCELADA               , 0            , SIN BLOQUEO       , S                  ,                     ,                     ,                          ,                ,                      ,                  ,                 ,                           ,                 ,                 ,                 , PASIVE     ,      886493,     800021137,             3,                         2, AGRICOLA SARA PALMA S A                                       , Nit Persona Juridica,                         ,                           ,                                   , False                    ,                 , False           ,                    ,             , False       , False            ,                        , False                  , 010001                     , 2026-05-22 21:57:14.523, False             , False               ,                    ,               ,                       ,                                                        ,                 , False       , False           ,                 ,                     , aa137@protonmail.com             ,                 ,                                                                                                                                                                                                                   , CTA CORRIENTE
104165, 1301340100104165,                   1.0,                      1.0, 1956-01-01            , C                  , CANCELADA               , 0            , SIN BLOQUEO       , N                  ,                     ,                     ,                          ,                ,                      ,                  ,                 ,                           ,                 ,                 ,                 , PASIVE     ,      925960,     800231346,             3,                         6, SISTEMATICA RODRIGUE Z ARIAS Y CI  S EN C .                   , Nit Persona Juridica,                         ,                           ,                                   , False                    ,                 , False           ,                    ,             , False       , False            ,                        , False                  , 010001                     , 2026-05-22 21:57:14.523, False             , False               ,                    ,               ,                       ,                                                        ,                 , False       , False           ,                 ,                     , sistematica346@hotmail.com       ,                 ,                                                                                                                                                                                                                   , CTA CORRIENTE
 32935, 1309380100032935,                   1.0,                      1.0, 1956-01-01            , C                  , CANCELADA               , 0            , SIN BLOQUEO       , S                  ,                     ,                     ,                          ,                ,                      ,                  ,                 ,                           ,                 ,                 ,                 , PASIVE     ,      995431,     892399999,             3,                         1, DEPARTAMENTO DEL CES AR                                       , Nit Persona Juridica,                         ,                           ,                                   , False                    ,                 , False           ,                    ,             , False       , False            ,                        , False                  , 010001                     , 2026-05-22 21:57:14.523, False             , False               ,                    ,               ,                       ,                                                        ,                 , False       , False           ,                 ,                     , dar999@protonmail.com            ,                 ,                                                                                                                                                                                                                   , CTA CORRIENTE
142320, 1309380100142320,                   1.0,                      1.0, 1956-01-01            , C                  , CANCELADA               , 0            , SIN BLOQUEO       , S                  ,                     ,                     ,                          ,                ,                      ,                  ,                 ,                           ,                 ,                 ,                 , PASIVE     ,      995431,     892399999,             3,                         1, DEPARTAMENTO DEL CES AR                                       , Nit Persona Juridica,                         ,                           ,                                   , False                    ,                 , False           ,                    ,             , False       , False            ,                        , False                  , 010001                     , 2026-05-22 21:57:14.523, False             , False               ,                    ,               ,                       ,                                                        ,                 , False       , False           ,                 ,                     , dar999@protonmail.com            ,                 ,                                                                                                                                                                                                                   , CTA CORRIENTE
 25272, 1309250200025272,                   2.0,                      2.0, 1956-01-01            , A                  , ACTIVA                  , 0            , SIN BLOQUEO       , M                  ,                     ,                     ,                          ,                ,                      ,                  ,                 ,                           ,                 ,                 ,                 , PASIVE     ,     1840562,    7979163797,             1,                         0, CEDULA SIN NOMBRE                                             , Cedula Ciudadania   ,                         ,                           ,                                   , False                    ,                 , False           ,                    ,             , False       , False            ,                        , False                  , 020002                     , 2026-05-22 21:57:14.523, False             , False               ,                    ,               ,                       ,                                                        ,                 , False       , False           ,                 ,                     ,                                  ,                 ,                                                                                                                                                                                                                   , AHORROS
149994, 1308390100149994,                   1.0,                      1.0, 1956-01-01            , A                  , ACTIVA                  , 0            , SIN BLOQUEO       , T                  ,                     ,                     ,                          ,                ,                      ,                  ,                 ,                           ,                 ,                 ,                 , PASIVE     ,     1837920, 2222222222200,             1,                         0, CLIENTES CONTROL CUENTAS                                      , Cedula Ciudadania   ,                         ,                           ,                                   , False                    ,                 , False           ,                    ,             , False       , False            ,                        , False                  , 010001                     , 2026-05-22 21:57:14.523, False             , False               ,                    ,               ,                       ,                                                        ,                 , False       , False           ,                 ,                     ,                                  ,                 ,                                                                                                                                                                                                                   , CTA CORRIENTE
666665, 1300870100666665,                   1.0,                      1.0, 1956-01-01            , A                  , ACTIVA                  , 0            , SIN BLOQUEO       , M                  ,                     ,                     ,                          ,                ,                      ,                  ,                 ,                           ,                 ,                 ,                 , PASIVE     ,     1837641, 6666666666600,             1,                         0, EMBARGADAS CUENTAS                                            , Cedula Ciudadania   ,                         ,                           ,                                   , False                    ,                 , False           ,                    ,             , False       , False            ,                        , False                  , 010001                     , 2026-05-22 21:57:14.523, False             , False               ,                    ,               ,                       ,                                                        ,                 , False       , False           ,                 ,                     ,                                  ,                 ,                                                                                                                                                                                                                   , CTA CORRIENTE
  5578, 1301260100005578,                   1.0,                      1.0, 1956-03-10            , C                  , CANCELADA               , 0            , SIN BLOQUEO       , N                  ,                     ,                     ,                          ,                ,                      ,                  ,                 ,                           ,                 ,                 ,                 , PASIVE     ,       64002,       2867164,             1,                         0, LUIS EDUARDO FLOREZ HERNANDEZ                                 , Cedula Ciudadania   ,                         ,                           ,                                   , False                    ,                 , False           ,                    ,             , False       , False            ,                        , False                  , 010001                     , 2026-05-22 21:57:14.523, False             , False               ,                    ,               ,                       ,                                                        ,                 , False       , False           ,                 ,                     , luis_hernandez164@hotmail.com    ,                 ,                                                                                                                                                                                                                   , CTA CORRIENTE
 23361, 1307240100023361,                   1.0,                      1.0, 1956-04-27            , A                  , ACTIVA                  , 0            , SIN BLOQUEO       , M                  ,                     ,                     ,                          ,                ,                      ,                  ,                 ,                           ,                 ,                 ,                 , PASIVE     ,      679422,      51611295,             1,                         0, GLORIA INES BARBOSA DE MORALES                                , Cedula Ciudadania   ,                         ,                           ,                                   , False                    ,                 , False           ,                    ,             , False       , False            ,                        , False                  , 010001                     , 2026-05-22 21:57:14.523, False             , False               ,                    ,               ,                       ,                                                        ,                 , False       , False           ,                 ,                     , gloria.i.morales295@gmail.com    ,                 ,                                                                                                                                                                                                                   , CTA CORRIENTE
141959, 1309380100141959,                   1.0,                      1.0, 1956-06-22            , C                  , CANCELADA               , 0            , SIN BLOQUEO       , N                  ,                     ,                     ,                          ,                ,                      ,                  ,                 ,                           ,                 ,                 ,                 , PASIVE     ,      956680,     860025610,             3,                         1, FONDO DE EMPLEADOS D E INSTITUCIONES COLO MBIANAS AGROPECUARIA, Nit Persona Juridica,                         ,                           ,                                   , False                    ,                 , False           ,                    ,             , False       , False            ,                        , False                  , 010001                     , 2026-05-22 21:57:14.523, False             , False               ,                    ,               ,                       ,                                                        ,                 , False       , False           ,                 ,                     , fondo.d.agropecuaria610@gmail.com,                 ,                                                                                                                                                                                                                   , CTA CORRIENTE
    22, 1305580100000022,                   1.0,                      1.0, 1958-02-21            , A                  , ACTIVA                  , 0            , SIN BLOQUEO       , M                  ,                     ,                     ,                          ,                ,                      ,                  ,                 ,                           ,                 ,                 ,                 , PASIVE     ,      152671,       7133014,             1,                         0, ISMAEL GUZMAN BEJARANO                                        , Cedula Ciudadania   ,                         ,                           ,                                   , False                    ,                 , False           ,                    ,             , False       , False            ,                        , False                  , 010001                     , 2026-05-22 21:57:14.523, False             , False               ,                    ,               ,                       ,                                                        ,                 , False       , False           ,                 ,                     , ismaelb014@bbva.com.co           ,                 ,                                                                                                                                                                                                                   , CTA CORRIENTE
185685, 1301260100185685,                   1.0,                      1.0, 1958-10-13            , A                  , ACTIVA                  , 0            , SIN BLOQUEO       , T                  ,                     ,                     ,                          ,                ,                      ,                  ,                 ,                           ,                 ,                 ,                 , PASIVE     ,      371942,      20199048,             1,                         0, HILDA LINARES DE HERNANDEZ                                    , Cedula Ciudadania   ,                         ,                           ,                                   , False                    ,                 , False           ,                    ,             , False       , False            ,                        , False                  , 010001                     , 2026-05-22 21:57:14.523, False             , False               ,                    ,               ,                       ,                                                        ,                 , False       , False           ,                 ,                     , hildah048@outlook.com            ,                 ,                                                                                                                                                                                                                   , CTA CORRIENTE
   532, 1301970100000532,                   1.0,                      1.0, 1959-08-09            , A                  , ACTIVA                  , 0            , SIN BLOQUEO       , M                  ,                     ,                     ,                          ,                ,                      ,                  ,                 ,                           ,                 ,                 ,                 , PASIVE     ,      120544,       5538613,             1,                         0, JORGE ARTURO MARTINEZ REYES                                   , Cedula Ciudadania   ,                         ,                           ,                                   , False                    ,                 , False           ,                    ,             , False       , False            ,                        , False                  , 010001                     , 2026-05-22 21:57:14.523, False             , False               ,                    ,               ,                       ,                                                        ,                 , False       , False           ,                 ,                     , jorge_reyes613@icloud.com        ,                 ,                                                                                                                                                                                                                   , CTA CORRIENTE
 40028, 1303500100040028,                   1.0,                      1.0, 1959-10-10            , A                  , ACTIVA                  , E            , CUENTA EMBARGADA  , M                  ,                     ,                     ,                          ,                ,                      ,                  ,                 ,                           ,                 ,                 ,                 , PASIVE     ,      528705,      32418511,             1,                         0, MARIA VICTORIA GONZALEZ DE OSPINA                             , Cedula Ciudadania   ,                         ,                           ,                                   , False                    ,                 , False           ,                    ,             , False       , False            ,                        , False                  , 010001                     , 2026-05-22 21:57:14.523, False             , False               , EMB16960501        , OF-2023-274000, 2023-03-01            , Juzgado 18 Civil Municipal de Cartagena                ,                 , True        , False           ,                 ,                     , maria_ospina511@protonmail.com   ,                 ,                                                                                                                                                                                                                   , CTA CORRIENTE
192728, 1302530100192728,                   1.0,                      1.0, 1960-01-01            , A                  , ACTIVA                  , E            , CUENTA EMBARGADA  , M                  ,                     ,                     ,                          ,                ,                      ,                  ,                 ,                           ,                 ,                 ,                 , PASIVE     ,       29998,        964129,             1,                         0, ASTREBERTO JULIO BLANCO                                       , Cedula Ciudadania   ,                         ,                           ,                                   , False                    ,                 , False           ,                    ,             , False       , False            ,                        , False                  , 010001                     , 2026-05-22 21:57:14.523, False             , False               , EMB55694627        , OF-2025-932068, 2025-01-15            , Juzgado 06 de Ejecución de Penas y Medidas de Seguridad, 2026-01-15      , True        , True            ,                 ,                     , astreberto_blanco129@hotmail.com , 2026-01-15      , Levantamiento de embargo sobre Cuenta de Ahorros. Pago efectuado el 2026-01-15. Oficio OF-2025-932068 emitido por Juzgado 06 de Ejecución de Penas y Medidas de Seguridad. Contrato de embargo: EMB55694627.      , CTA CORRIENTE
 24997, 1307240100024997,                   1.0,                      1.0, 1960-01-01            , A                  , ACTIVA                  , 0            , SIN BLOQUEO       , T                  ,                     ,                     ,                          ,                ,                      ,                  ,                 ,                           ,                 ,                 ,                 , PASIVE     ,       65638,       2895400,             1,                         0, JESUS ANTONIO GARZON FANDINO                                  , Cedula Ciudadania   ,                         ,                           ,                                   , False                    ,                 , False           ,                    ,             , False       , False            ,                        , False                  , 010001                     , 2026-05-22 21:57:14.523, False             , False               ,                    ,               ,                       ,                                                        ,                 , False       , False           ,                 ,                     , jesus.fandino400@outlook.com     ,                 ,                                                                                                                                                                                                                   , CTA CORRIENTE
189906, 1302530100189906,                   1.0,                      1.0, 1960-01-01            , A                  , ACTIVA                  , E            , CUENTA EMBARGADA  , M                  ,                     ,                     ,                          ,                ,                      ,                  ,                 ,                           ,                 ,                 ,                 , PASIVE     ,       75473,       3247652,             1,                         0, FABIO VILLALBA ESPITIA                                        , Cedula Ciudadania   ,                         ,                           ,                                   , False                    ,                 , False           ,                    ,             , False       , False            ,                        , False                  , 010001                     , 2026-05-22 21:57:14.523, False             , False               , EMB93677709        , OF-2024-937810, 2024-10-25            , Juzgado 12 Civil del Circuito de Medellín              ,                 , True        , False           ,                 ,                     , fabioe652@outlook.com            ,                 ,                                                                                                                                                                                                                   , CTA CORRIENTE
900001, 1300099600900001,                  96.0,                   3191.0, 2018-06-15            ,                    ,                         ,              ,                   ,                    , 2024-09-10          , A                   , ACTIVO                   ,                ,                      ,                  ,                 ,                           ,                 ,                 ,                 , ACTIVE     ,     8123456,    1053900001,             1,                         0, LUISA FERNANDA TORRES MORENO                                  , Cedula Ciudadania   , 2026-01-26              ,                     1234.0, BANCA INVERSIONES COMPRA CART. SAS, True                     ,                 , False           ,               180.0, 2025-11-07  , True        , False            , 2026-05-21             , True                   , 963191                     , 2026-05-26 09:00:00.000, True              , False               ,                    ,               ,                       ,                                                        ,                 , False       , False           , 2026-11-02      ,                     , luisa.moreno001@icloud.com       ,                 ,                                                                                                                                                                                                                   , CARTERA
900002, 1300099600900002,                  96.0,                   5394.0, 2016-02-20            ,                    ,                         ,              ,                   ,                    , 2023-11-05          , A                   , ACTIVO                   ,                ,                      ,                  ,                 ,                           ,                 ,                 ,                 , ACTIVE     ,     6234567,    1053900002,             1,                         0, JORGE MARIO RAMIREZ CASTANO                                   , Cedula Ciudadania   , 2026-03-27              ,                     1234.0, BANCA INVERSIONES COMPRA CART. SAS, True                     ,                 , False           ,                90.0, 2026-02-05  , True        , False            , 2026-05-23             , True                   , 965394                     , 2026-05-26 09:00:00.000, True              , False               ,                    ,               ,                       ,                                                        ,                 , False       , False           , 2026-08-04      ,                     , jorge_castano002@icloud.com      ,                 ,                                                                                                                                                                                                                   , CARTERA
900003, 1300099600900003,                  96.0,                   5136.0, 2019-08-12            ,                    ,                         ,              ,                   ,                    , 2025-01-18          , A                   , ACTIVO                   ,                ,                      ,                  ,                 ,                           ,                 ,                 ,                 , ACTIVE     ,     5445678,    1053900003,             1,                         0, CLAUDIA PATRICIA NIETO SUAREZ                                 , Cedula Ciudadania   , 2025-11-07              ,                     5678.0, REFINANCIA S A                    , True                     ,                 , False           ,               365.0, 2025-04-21  , True        , False            , 2026-05-16             , True                   , 965136                     , 2026-05-26 09:00:00.000, True              , False               ,                    ,               ,                       ,                                                        ,                 , False       , False           , 2027-04-21      ,                     , csuarez003@bbva.com.co           ,                 ,                                                                                                                                                                                                                   , CARTERA
900101, 1300099600900101,                  96.0,                   3127.0, 2017-04-03            ,                    ,                         ,              ,                   ,                    , 2024-12-20          , 1                   , CANCELADO                ,                ,                      ,                  ,                 ,                           ,                 ,                 ,                 , ACTIVE     ,     7556789,    1053900101,             1,                         0, ANDRES FELIPE ROJAS GUZMAN                                    , Cedula Ciudadania   ,                         ,                           ,                                   , False                    , 2025-12-27      , True            ,               540.0, 2024-10-03  , True        , False            , 2026-05-22             , True                   , 963127                     , 2026-05-26 09:00:00.000, True              , False               ,                    ,               ,                       ,                                                        ,                 , False       , False           , 2027-09-18      , 2035-12-27          , andresg101@protonmail.com        ,                 ,                                                                                                                                                                                                                   , CARTERA
900102, 1300099600900102,                  96.0,                   1567.0, 2015-09-25            ,                    ,                         ,              ,                   ,                    , 2023-06-30          , 1                   , CANCELADO                ,                ,                      ,                  ,                 ,                           ,                 ,                 ,                 , ACTIVE     ,     3667890,    1053900102,             1,                         0, MARIA CAMILA OSORIO PEREZ                                     , Cedula Ciudadania   ,                         ,                           ,                                   , False                    , 2026-03-12      , True            ,               420.0, 2025-03-02  , True        , False            , 2026-05-24             , True                   , 961567                     , 2026-05-26 09:00:00.000, True              , False               ,                    ,               ,                       ,                                                        ,                 , False       , False           , 2027-06-20      , 2036-03-12          , mperez102@yahoo.com              ,                 ,                                                                                                                                                                                                                   , CARTERA
900103, 1300099600900103,                  96.0,                   5571.0, 2018-11-11            ,                    ,                         ,              ,                   ,                    , 2025-03-15          , 1                   , CANCELADO                ,                ,                      ,                  ,                 ,                           ,                 ,                 ,                 , ACTIVE     ,     8778901,    1053900103,             1,                         0, OSCAR JAVIER MENDOZA LOPEZ                                    , Cedula Ciudadania   ,                         ,                           ,                                   , False                    , 2025-05-26      , True            ,               720.0, 2024-03-17  , True        , False            , 2026-05-25             , True                   , 965571                     , 2026-05-26 09:00:00.000, True              , False               ,                    ,               ,                       ,                                                        ,                 , False       , False           , 2028-02-25      , 2035-05-26          , olopez103@bbva.com.co            ,                 ,                                                                                                                                                                                                                   , CARTERA
900201, 1300099699900201,                  99.0,                     11.0, 2025-12-10            ,                    ,                         ,              ,                   ,                    , 2026-05-01          , A                   , ACTIVO                   ,                ,                      ,                  ,                 ,                           ,                 ,                 ,                 , ACTIVE     ,     9889012,    1053900201,             1,                         0, DANIELA ALEJANDRA QUINTERO RIOS                               , Cedula Ciudadania   ,                         ,                           ,                                   , False                    ,                 , False           ,                    ,             , False       , False            ,                        , False                  , 990011 - ADELANTO DE NOMINA, 2026-05-26 09:00:00.000, False             , True                ,                    ,               ,                       ,                                                        ,                 , False       , False           ,                 ,                     , daniela_rios201@gmail.com        ,                 ,                                                                                                                                                                                                                   , 
900202, 1300099699900202,                  99.0,                     11.0, 2026-01-22            ,                    ,                         ,              ,                   ,                    , 2026-04-22          , A                   , ACTIVO                   ,                ,                      ,                  ,                 ,                           ,                 ,                 ,                 , ACTIVE     ,    10990123,    1053900202,             1,                         0, SEBASTIAN ALONSO PARRA VARGAS                                 , Cedula Ciudadania   ,                         ,                           ,                                   , False                    ,                 , False           ,                45.0, 2026-04-06  , True        , False            , 2026-05-19             , True                   , 990011 - ADELANTO DE NOMINA, 2026-05-26 09:00:00.000, False             , True                ,                    ,               ,                       ,                                                        ,                 , False       , False           , 2026-07-05      ,                     , sebastian.a.vargas202@bbva.com.co,                 ,                                                                                                                                                                                                                   , 
900203, 1300099699900203,                  99.0,                     11.0, 2025-08-05            ,                    ,                         ,              ,                   ,                    , 2026-05-15          , A                   , ACTIVO                   ,                ,                      ,                  ,                 ,                           ,                 ,                 ,                 , ACTIVE     ,    11001234,    1053900203,             1,                         0, VALERIA SOFIA HERRERA CAICEDO                                 , Cedula Ciudadania   ,                         ,                           ,                                   , False                    ,                 , False           ,                    ,             , False       , False            ,                        , False                  , 990011 - ADELANTO DE NOMINA, 2026-05-26 09:00:00.000, False             , True                ,                    ,               ,                       ,                                                        ,                 , False       , False           ,                 ,                     , valeria_caicedo203@outlook.com   ,                 ,                                                                                                                                                                                                                   , 
957012, 1300099600957012,                  96.0,                   5136.0, 2015-01-28            , A                  , ACTIVA                  , E            , CUENTA EMBARGADA  , M                  , 2017-07-29          , A                   , ACTIVO                   ,                ,                      ,                  ,                 ,                           ,                 ,                 ,                 , ACTIVE     ,     7238834,   81613253841,             1,                         0, CLAUDIA ISABEL RUIZ PEREZ                                     , Cedula Ciudadania   ,                         ,                           ,                                   , False                    ,                 , False           ,                    ,             , False       , False            ,                        , False                  , 965136                     , 2026-05-28 09:00:00.000, False             , False               , EMB76431044        , OF-2025-841070, 2025-05-21            , Juzgado 09 Civil del Circuito de Pereira               , 2026-01-20      , True        , True            ,                 ,                     , claudia_perez841@bbva.com.co     ,                 ,                                                                                                                                                                                                                   , CARTERA
969940, 1300099600969940,                  96.0,                   5549.0, 2021-07-28            , A                  , ACTIVA                  , E            , CUENTA EMBARGADA  , M                  , 2024-06-16          , A                   , ACTIVO                   ,                ,                      ,                  ,                 ,                           ,                 ,                 ,                 , ACTIVE     ,     1473412,   22541552694,             1,                         0, MARCELA FERNANDA CASTRO FLORES                                , Cedula Ciudadania   ,                         ,                           ,                                   , False                    ,                 , False           ,                    ,             , False       , False            ,                        , False                  , 965549                     , 2026-05-28 09:00:00.000, False             , False               , EMB17645309        , OF-2022-549770, 2022-10-06            , Juzgado 21 Civil Municipal de Barranquilla             ,                 , True        , False           ,                 ,                     , marcela.f.flores694@yahoo.com    ,                 ,                                                                                                                                                                                                                   , CARTERA
931168, 1300090200931168,                   2.0,                   5394.0, 2024-05-31            , A                  , ACTIVA                  , E            , CUENTA EMBARGADA  , M                  , 2026-05-28          , A                   , ACTIVO                   ,                ,                      ,                  ,                 ,                           ,                 ,                 ,                 , PASIVE     ,     3672947,   17844647226,             1,                         0, PAULA ESPERANZA RIVERA FLORES                                 , Cedula Ciudadania   ,                         ,                           ,                                   , False                    ,                 , False           ,                    ,             , False       , False            ,                        , False                  , 025394                     , 2026-05-28 09:00:00.000, False             , False               , EMB60845437        , OF-2023-936209, 2023-10-16            , Juzgado 08 de Familia de Villavicencio                 , 2025-01-17      , True        , True            ,                 ,                     , paulaf226@live.com               , 2025-01-17      , Levantamiento de embargo sobre CDT (Certificado de Depósito a Término). Pago efectuado el 2025-01-17. Oficio OF-2023-936209 emitido por Juzgado 08 de Familia de Villavicencio. Contrato de embargo: EMB60845437. , AHORROS
995181, 1300099600995181,                  96.0,                   3191.0, 2023-07-23            , A                  , ACTIVA                  , E            , CUENTA EMBARGADA  , M                  , 2024-05-24          , A                   , ACTIVO                   ,                ,                      ,                  ,                 ,                           ,                 ,                 ,                 , ACTIVE     ,     5508652,   50304121019,             1,                         0, OSCAR ALEJANDRO GONZALEZ TORRES                               , Cedula Ciudadania   ,                         ,                           ,                                   , False                    ,                 , False           ,                    ,             , False       , False            ,                        , False                  , 963191                     , 2026-05-28 09:00:00.000, False             , False               , EMB11396470        , OF-2025-969619, 2025-09-25            , Juzgado 07 Laboral del Circuito de Cali                ,                 , True        , False           ,                 ,                     , oscart019@gmail.com              ,                 ,                                                                                                                                                                                                                   , CARTERA
977675, 1300099600977675,                  96.0,                   5549.0, 2018-10-14            , A                  , ACTIVA                  , E            , CUENTA EMBARGADA  , M                  , 2020-06-09          , A                   , ACTIVO                   ,                ,                      ,                  ,                 ,                           ,                 ,                 ,                 , ACTIVE     ,     4600563,   22955890394,             1,                         0, CAMILA ISABEL MARTINEZ RAMIREZ                                , Cedula Ciudadania   ,                         ,                           ,                                   , False                    ,                 , False           ,                    ,             , False       , False            ,                        , False                  , 965549                     , 2026-05-28 09:00:00.000, False             , False               , EMB85103019        , OF-2026-658084, 2026-04-29            , Juzgado 05 de Familia de Bucaramanga                   ,                 , True        , False           ,                 ,                     , camila.ramirez394@icloud.com     ,                 ,                                                                                                                                                                                                                   , CARTERA
927060, 1300090200927060,                   2.0,                   5549.0, 2020-11-10            , A                  , ACTIVA                  , E            , CUENTA EMBARGADA  , M                  , 2021-09-09          , A                   , ACTIVO                   ,                ,                      ,                  ,                 ,                           ,                 ,                 ,                 , PASIVE     ,     9552527,   94079626165,             1,                         0, CAMILA BEATRIZ ROMERO MARTINEZ                                , Cedula Ciudadania   ,                         ,                           ,                                   , False                    ,                 , False           ,                    ,             , False       , False            ,                        , False                  , 025549                     , 2026-05-28 09:00:00.000, False             , False               , EMB34238608        , OF-2022-886492, 2022-02-25            , Juzgado 08 de Familia de Villavicencio                 ,                 , True        , False           ,                 ,                     , camilam165@gmail.com             ,                 ,                                                                                                                                                                                                                   , AHORROS
969072, 1300090200969072,                   2.0,                   5394.0, 2022-11-25            , A                  , ACTIVA                  , E            , CUENTA EMBARGADA  , M                  , 2023-04-15          , A                   , ACTIVO                   ,                ,                      ,                  ,                 ,                           ,                 ,                 ,                 , PASIVE     ,     8517359,    4880840417,             1,                         0, CARLOS PATRICIA MARTINEZ PEREZ                                , Cedula Ciudadania   ,                         ,                           ,                                   , False                    ,                 , False           ,                    ,             , False       , False            ,                        , False                  , 025394                     , 2026-05-28 09:00:00.000, False             , False               , EMB95541242        , OF-2025-496858, 2025-01-18            , Juzgado 04 Civil del Circuito de Cúcuta                , 2026-01-29      , True        , True            ,                 ,                     , cperez417@outlook.com            , 2026-01-29      , Levantamiento de embargo sobre CDT (Certificado de Depósito a Término). Pago efectuado el 2026-01-29. Oficio OF-2025-496858 emitido por Juzgado 04 Civil del Circuito de Cúcuta. Contrato de embargo: EMB95541242., AHORROS
965215, 1300090100965215,                   1.0,                   5136.0, 2022-10-12            , A                  , ACTIVA                  , E            , CUENTA EMBARGADA  , M                  , 2023-05-28          , A                   , ACTIVO                   ,                ,                      ,                  ,                 ,                           ,                 ,                 ,                 , PASIVE     ,     6667054,   75193392599,             1,                         0, NATALIA ALEJANDRO MARTINEZ PEREZ                              , Cedula Ciudadania   ,                         ,                           ,                                   , False                    ,                 , False           ,                    ,             , False       , False            ,                        , False                  , 015136                     , 2026-05-28 09:00:00.000, False             , False               , EMB43139403        , OF-2026-254082, 2026-01-22            , Juzgado 04 Civil del Circuito de Cúcuta                ,                 , True        , False           ,                 ,                     , natalia.perez599@yahoo.com       ,                 ,                                                                                                                                                                                                                   , CTA CORRIENTE
932600, 1300090200932600,                   2.0,                      2.0, 2022-12-27            , A                  , ACTIVA                  , E            , CUENTA EMBARGADA  , M                  , 2023-07-29          , A                   , ACTIVO                   ,                ,                      ,                  ,                 ,                           ,                 ,                 ,                 , PASIVE     ,     8601234,   48576265408,             1,                         0, DIANA BEATRIZ GOMEZ JIMENEZ                                   , Cedula Ciudadania   ,                         ,                           ,                                   , False                    ,                 , False           ,                    ,             , False       , False            ,                        , False                  , 020002                     , 2026-05-28 09:00:00.000, False             , False               , EMB34777234        , OF-2025-507113, 2025-07-08            , Juzgado 18 Civil Municipal de Cartagena                ,                 , True        , False           ,                 ,                     , dianaj408@yahoo.com              ,                 ,                                                                                                                                                                                                                   , AHORROS
978460, 1300099600978460,                  96.0,                      1.0, 2018-12-14            , A                  , ACTIVA                  , E            , CUENTA EMBARGADA  , M                  , 2021-11-14          , A                   , ACTIVO                   ,                ,                      ,                  ,                 ,                           ,                 ,                 ,                 , ACTIVE     ,     6133834,    4376973090,             1,                         0, JORGE JAVIER PEREZ RUIZ                                       , Cedula Ciudadania   ,                         ,                           ,                                   , False                    ,                 , False           ,                    ,             , False       , False            ,                        , False                  , 960001                     , 2026-05-28 09:00:00.000, False             , False               , EMB53030224        , OF-2025-583221, 2025-10-29            , Juzgado 21 Civil Municipal de Barranquilla             ,                 , True        , False           ,                 ,                     , jruiz090@hotmail.com             ,                 ,                                                                                                                                                                                                                   , CARTERA
932456, 1300090200932645,                   2.0,                      2.0, 2022-12-27            , A                  , ACTIVA                  , E            , CUENTA EMBARGADA  , M                  , 2023-07-29          , A                   , ACTIVO                   ,                ,                      ,                  ,                 ,                           ,                 ,                 ,                 , PASIVE     ,     4567985,   48576265403,             1,                         0, DIANA BEATRIZ GOMEZ JIMENEZ                                   , Cedula Ciudadania   ,                         ,                           ,                                   , False                    ,                 , False           ,                    ,             , False       , False            ,                        , False                  , 020002                     , 2026-05-28 09:00:00.000, False             , False               , EMB34777234        , OF-2025-507113, 2025-07-08            , Juzgado 18 Civil Municipal de Cartagena                ,                 , True        , False           ,                 ,                     , juanjose.pedraza.paez@bbva.com   ,                 ,                                                                                                                                                                                                                   , AHORROS
978987, 1300099600978412,                  96.0,                      1.0, 2018-12-14            , A                  , ACTIVA                  , E            , CUENTA EMBARGADA  , M                  , 2021-11-14          , A                   , ACTIVO                   ,                ,                      ,                  ,                 ,                           ,                 ,                 ,                 , ACTIVE     ,     4569865,    4376973094,             1,                         0, JORGE JAVIER PEREZ RUIZ                                       , Cedula Ciudadania   ,                         ,                           ,                                   , False                    ,                 , False           ,                    ,             , False       , False            ,                        , False                  , 960001                     , 2026-05-28 09:00:00.000, False             , False               , EMB53030224        , OF-2025-583221, 2025-10-29            , Juzgado 21 Civil Municipal de Barranquilla             ,                 , True        , False           ,                 ,                     , fabianandres.figueroa@bbva.com   ,                 ,                                                                                                                                                                                                                   , CARTERA
KTRX4979,4912680517944979,                     ,                         ,                       , A                  , ACTIVA                  , 0            , SIN BLOQUEO       , M                  ,                     ,                     , ACTIVO                   ,                ,                      ,                  ,                 ,                           ,                 , 1               , 4979            , TDC        ,    1010223694,1010223694,               1,                         0, LUIS FELIPE MALDONADO MAHECHA                                      , Cedula Ciudadania   ,                         ,                           ,                                   , False                    ,                 , False           ,                    ,             , False       ,                  ,                        ,                        ,                            ,                        , False             , False               ,                    ,               ,                       ,                                                        ,                 ,             , False           ,                 ,                     , luisfelipe.maldonado.contractor@bbva.com,          ,                                                                                                                                                                                                                   , TDC                      ,Calle 151 b 58-99,00130067000200942156